dates,home_worldranking,home_team,home_results,away_worldranking,away_team,away_results,increment
2019-01-05,109,GRE,3,108,SWE,0,4.35
2019-01-05,108,UKR,3,100,MKD,1,3.08
2019-01-05,125,SVK,3,112,MNE,0,4.06
2019-01-05,113,AUT,3,100,ALB,0,4.06
2019-01-05,107,HUN,2,108,SUI,3,2.16
2019-01-06,127,EST,3,107,LAT,0,3.89
2019-01-06,147,FIN,3,108,DEN,0,3.43
2019-01-06,117,ESP,3,109,BLR,0,4.18
2019-01-09,107.94,MNE,3,111.38,MLD,0,4.46
2019-01-09,103.72,LUX,0,113.35,GRE,3,4.14
2019-01-09,96.92,MKD,3,104.84,HUN,0,4.57
2019-01-09,102.62,GEO,0,121.18,ESP,3,3.92
2019-01-09,104.04,CRO,1,117.06,AUT,3,2.96
2019-01-09,103.11,LAT,3,108,ISR,1,3.4
2019-01-09,102.62,ISL,0,129.06,SVK,3,3.73
2019-01-09,110.16,SUI,2,111.08,UKR,3,2.16
2019-01-09,104.57,DEN,3,108,ROU,1,3.37
2019-05-25,100.27,HUN,3,100,BIH,1,1.87
2019-05-25,105.74,AZE,1,104.63,ROU,3,1.89
2019-05-25,107.94,DEN,3,98.7,GEO,0,2.37
2019-05-25,150.43,FIN,1,113.25,UKR,3,2.39
2019-05-25,125.1,ESP,3,130.89,EST,1,1.96
2019-05-26,119,TUR,3,106.52,LAT,0,2.33
2019-05-26,120.02,AUT,3,117.49,GRE,1,1.84
2019-05-26,180,BEL,3,132.79,SVK,2,0.6
2019-05-29,111.41,BLR,3,148.04,FIN,0,3.01
2019-05-29,104.19,LAT,2,132.18,SVK,3,0.86
2019-05-29,115.65,GRE,3,102.14,HUN,1,1.69
2019-05-29,127.06,ESP,2,168.35,NED,3,0.68
2019-05-29,106.53,ROU,3,110.31,DEN,0,2.55
2019-05-29,100.73,CRO,3,128.93,EST,1,2.27
2019-05-29,98.13,BIH,0,121.86,AUT,3,2.17
2019-06-01,109.08,ROU,3,94.56,GEO,0,2.3
2019-06-01,103.33,LAT,3,177.92,BEL,1,2.87
2019-06-01,133.05,SVK,0,124,TUR,3,2.63
2019-06-01,102.99,CRO,0,126.37,ESP,3,2.18
2019-06-01,117.34,GRE,3,124.03,AUT,0,2.59
2019-06-01,121.14,CZE,3,145.04,FIN,1,2.21
2019-06-02,95.96,BIH,3,100.45,HUN,1,1.94
2019-06-02,126.66,EST,3,169.03,NED,2,1.83
2019-06-02,107.75,DEN,3,105.62,AZE,0,2.47
2019-06-08,128.5,EST,3,100.82,CRO,2,0.87
2019-06-08,112.57,UKR,3,142.83,FIN,0,2.92
2019-06-08,92.27,GEO,0,110.22,DEN,3,2.25
2019-06-08,175.05,BEL,1,106.2,LAT,3,2.8
2019-06-08,111.38,ROU,3,103.15,AZE,1,1.76
2019-06-08,126.63,TUR,3,130.42,SVK,0,2.55
2019-06-08,98.51,HUN,1,119.93,GRE,3,1.58
2019-06-09,167.2,NED,3,128.55,ESP,2,0.72
2019-06-09,121.44,AUT,3,97.9,BIH,0,2.17
2019-06-12,121.51,GRE,3,95.72,BIH,0,2.14
2019-06-12,167.92,NED,3,129.36,EST,0,1.97
2019-06-12,127.83,ESP,1,99.95,CRO,3,2.26
2019-06-12,127.87,SVK,1,109,LAT,3,2.14
2019-06-12,139.91,FIN,0,114.51,BLR,3,2.85
2019-06-12,112.47,DEN,0,113.14,ROU,3,2.49
2019-06-12,123.61,AUT,3,96.94,HUN,1,1.5
2019-06-15,93.58,BIH,0,123.65,GRE,3,2.08
2019-06-15,137.06,FIN,2,122.49,CZE,3,1.45
2019-06-15,127.39,EST,0,125.57,ESP,3,2.53
2019-06-15,95.43,HUN,0,125.11,AUT,3,2.09
2019-06-15,87.67,GEO,0,115.63,ROU,3,2.11
2019-06-15,102.21,CRO,3,169.88,NED,0,3.41
2019-06-15,125.73,SVK,3,169.79,BEL,1,2.48
2019-06-15,103.73,AZE,0,109.98,DEN,3,2.41
2019-06-16,111.14,LAT,0,131.65,TUR,3,2.21
2019-06-16,113,CHI,3,125,DOM,1,2.04
2019-06-17,122.96,DOM,3,111.81,GUA,2,1.09
2019-06-17,365.88,USA,1,115.04,CHI,3,4.17
2019-06-18,124.05,DOM,0,361.71,USA,3,0.24
2019-06-18,110.71,GUA,0,119.22,CHI,3,2.38
2019-06-19,121.6,CHI,3,128.21,PUR,0,2.59
2019-06-19,123.81,DOM,0,241.84,CAN,3,1.02
2019-06-20,105.8,GUA,0,122.78,DOM,3,2.26
2019-06-20,158.07,CUB,3,124.19,CHI,0,2.03
2019-06-21,122.16,CHI,0,145.26,MEX,3,2.18
2019-06-21,133.87,TUR,3,124.87,EST,1,1.75
2019-06-22,163.91,NED,3,123.12,EST,0,1.94
2019-06-22,254.92,FRA,3,135.79,POR,0,4.06
2019-06-23,131.73,POR,0,148.33,AUS,3,9.08
2019-06-26,125.73,GRE,2,117.74,ROU,3,1.36
2019-06-28,122.07,GER,3,122.66,POR,1,7.53
2019-06-29,115.12,POR,1,205.3,JPN,3,2.79
2019-06-30,345.91,POL,3,112.34,POR,0,1.04
2019-06-30,119.1,ROU,3,124.37,GRE,0,2.57
2019-07-03,175,EGY,2,116.43,BLR,3,4.09
2019-07-03,162,SLO,3,119.98,CHI,0,3.84
2019-07-04,137.88,TUR,3,116.13,CHI,0,4.4
2019-07-05,170.91,EGY,2,165.16,CUB,3,2.66
2019-07-21,132,CMR,3,105,CGO,0,7.43
2019-07-21,168.25,EGY,3,109,MAR,1,3.74
2019-07-22,112,ALG,3,114.75,COD,0,8.89
2019-07-22,171.99,EGY,3,100,BDI,0,5.36
2019-07-23,151.63,TUN,3,120.89,ALG,0,7.25
2019-07-23,139.43,CMR,3,177.35,EGY,0,10.59
2019-07-24,113.63,ALG,3,102.79,CHA,0,8.22
2019-07-24,88.26,BDI,0,150.02,CMR,3,5.81
2019-07-24,166.76,EGY,3,104.51,CGO,0,5.79
2019-07-25,86.83,BOT,0,121.85,ALG,3,7.05
2019-07-25,155.83,CMR,3,104.7,MAR,0,6.29
2019-07-26,128.9,ALG,0,162.13,CMR,3,7.13
2019-07-26,165.09,TUN,3,172.55,EGY,1,6.93
2019-07-28,172.02,TUN,3,169.26,CMR,2,4.24
2019-07-28,165.62,EGY,1,121.77,ALG,3,8.68
2019-08-09,365.03,POL,3,176.26,TUN,0,1.18
2019-08-09,109.7,CHN,3,135.6,FIN,1,5.59
2019-08-09,165.85,NED,3,128,KOR,2,1.82
2019-08-09,314.77,ITA,3,165.02,CMR,0,1.85
2019-08-09,156.94,EGY,1,171.02,BUL,3,4.2
2019-08-10,398.03,BRA,3,152.74,EGY,0,0.55
2019-08-10,214.53,SRB,3,163.17,CMR,0,4.5
2019-08-10,175.08,TUN,0,173.31,SLO,3,6.31
2019-08-10,357.71,USA,3,126.18,KOR,0,0.67
2019-08-10,130.02,FIN,1,278.81,ARG,3,0.31
2019-08-11,125.51,KOR,0,161.06,BEL,3,5.02
2019-08-11,152.19,EGY,3,120.45,PUR,0,5.15
2019-08-11,158.67,CMR,0,153.47,AUS,3,6.43
2019-08-11,278.99,FRA,3,168.77,TUN,1,1.2
2019-08-11,255.47,CAN,3,129.71,FIN,0,2.38
2019-09-02,358.39,USA,3,125.05,DOM,0,0.89
2019-09-03,107.71,PUR,3,98.69,SUR,0,8.31
2019-09-03,174.71,CUB,3,124.15,DOM,0,6.32
2019-09-04,263.93,CAN,3,116.01,PUR,0,2.62
2019-09-04,117.83,DOM,3,97.31,GUA,1,5.56
2019-09-05,179.19,CUB,3,113.4,PUR,0,5.63
2019-09-05,149.08,MEX,3,123.39,DOM,1,5.31
2019-09-06,118.08,DOM,2,107.76,PUR,3,4.88
2019-09-07,113.2,DOM,3,91.75,GUA,1,5.51
2019-09-10,279.13,ARG,3,110,COL,0,2.06
2019-09-10,111.74,CHI,3,100,BOL,0,8.17
2019-09-11,119.91,CHI,3,113.67,PER,0,8.44
2019-09-11,398.91,BRA,3,107.94,COL,0,0.36
2019-09-12,111.29,POR,0,319.73,ITA,3,1.26
2019-09-12,179.74,BUL,3,121.8,GRE,0,5.98
2019-09-12,280.19,FRA,3,121.67,ROU,0,2.33
2019-09-12,127.33,FIN,3,101.48,MKD,1,5.3
2019-09-12,122.69,VEN,3,128.36,CHI,1,6.84
2019-09-12,97.9,ECU,0,107.58,COL,3,8.28
2019-09-13,159.9,AUS,3,118,QAT,2,2.35
2019-09-13,400.71,BRA,3,121.52,CHI,0,0.44
2019-09-13,96.18,MKD,0,133.1,TUR,3,6.96
2019-09-13,185.73,BUL,3,119.35,ROU,0,5.61
2019-09-13,120.49,KOR,3,107,PAK,0,8.09
2019-09-13,173.9,NED,3,112.4,MNE,0,5.82
2019-09-13,128.21,SVK,3,128.1,ESP,2,4.37
2019-09-13,166.08,BEL,3,127.2,AUT,0,6.86
2019-09-13,76.49,BOL,0,115.85,COL,3,6.84
2019-09-13,112,THA,1,117,TPE,3,6.32
2019-09-13,121.18,EST,1,369.71,POL,3,0.01
2019-09-13,320.99,ITA,3,115.81,GRE,1,0.01
2019-09-14,124.03,GER,2,172.95,BEL,3,2.02
2019-09-14,115.65,QAT,0,289,IRI,3,1.96
2019-09-14,191.33,BUL,3,110.03,POR,1,2.78
2019-09-14,132.58,SVK,3,120.34,AUT,1,5.96
2019-09-14,121.07,CHI,3,127.02,VEN,0,9.04
2019-09-14,185.51,SLO,3,132.63,FIN,1,4.03
2019-09-14,89.23,MKD,0,364.54,RUS,3,0.47
2019-09-14,121.17,EST,0,106.58,MNE,3,9.47
2019-09-14,115.8,GRE,0,282.52,FRA,3,2.12
2019-09-14,120.56,PER,3,122.69,COL,2,4.48
2019-09-14,123.32,TPE,3,100,HKG,0,7.61
2019-09-14,93.44,KUW,0,128.57,KOR,3,7.04
2019-09-14,98.91,PAK,3,106.56,INA,2,4.75
2019-09-15,113.69,QAT,3,92.63,SRI,0,7.72
2019-09-15,123.73,ESP,0,174.97,BEL,3,6.29
2019-09-15,117.15,CZE,3,111.71,EST,0,8.48
2019-09-15,130.93,TPE,1,213.02,JPN,3,2.75
2019-09-15,107.25,POR,0,284.64,FRA,3,1.87
2019-09-15,220.66,SRB,3,138.54,SVK,0,4.93
2019-09-15,135.62,KOR,3,101.81,INA,0,7.11
2019-09-15,114.01,BLR,3,128.61,FIN,2,5.09
2019-09-15,113.74,ROU,1,321,ITA,3,0.01
2019-09-15,86.39,KUW,1,103.66,PAK,3,5.72
2019-09-16,365.01,RUS,3,123.52,FIN,0,0.79
2019-09-16,113.73,ROU,1,113.69,GRE,3,6.56
2019-09-16,117.44,ESP,1,225.6,SRB,3,1.73
2019-09-16,116.04,MNE,1,119.97,UKR,3,6.37
2019-09-16,119.1,BLR,1,88.75,MKD,3,8.04
2019-09-16,114.37,AUT,0,122.01,GER,3,8.38
2019-09-17,195.91,SLO,1,96.8,MKD,3,11.06
2019-09-17,133.61,SVK,0,181.26,BEL,3,6.45
2019-09-17,120.25,GRE,1,105.39,POR,3,7.29
2019-09-17,121.41,QAT,3,80.04,OMA,0,6.75
2019-09-17,142.72,KOR,3,128.18,TPE,0,8.04
2019-09-17,109.67,MNE,0,372.19,POL,3,0.58
2019-09-17,106,AUT,2,115.71,ESP,3,3.9
2019-09-17,215.77,JPN,3,109.38,PAK,0,3.98
2019-09-17,103.22,EST,1,184.18,NED,3,2.79
2019-09-18,112.68,POR,1,107.16,ROU,3,6.83
2019-09-18,130.39,GER,3,127.15,SVK,0,8.59
2019-09-18,120.14,TPE,3,105.4,PAK,2,3.65
2019-09-18,187.71,BEL,0,227.32,SRB,3,6.83
2019-09-18,219.75,JPN,2,150.76,KOR,3,7.63
2019-09-18,122.72,FIN,3,139.15,TUR,2,5.18
2019-09-18,128.16,QAT,1,99.44,KAZ,3,7.96
2019-09-18,126.34,UKR,3,100.43,EST,0,7.48
2019-09-19,119.61,ESP,3,138.98,GER,1,7.51
2019-09-19,158.39,KOR,3,96.15,IND,1,3.6
2019-09-19,234.15,SRB,3,102.1,AUT,0,3.1
2019-09-19,189.16,AUS,3,101.75,PAK,2,0.34
2019-09-19,132.22,CZE,2,109.1,MNE,3,5.51
2019-09-19,120.2,QAT,3,99.26,INA,0,7.73
2019-09-19,283.55,IRI,3,123.8,TPE,0,2.29
2019-09-20,127.92,QAT,3,112.34,KAZ,1,5.8
2019-09-20,92.55,IND,1,121.5,TPE,3,5.15
2019-09-20,162,KOR,1,285.85,IRI,3,1.18
2019-09-20,101.4,PAK,1,127.44,CHN,3,5.29
2019-09-21,237.25,SRB,3,126.71,CZE,0,3.83
2019-09-21,373.59,POL,3,127.12,ESP,0,0.74
2019-09-21,299.09,FRA,3,127.9,FIN,0,2.01
2019-09-21,87.4,IND,2,96.11,PAK,3,3.95
2019-09-21,160.82,KOR,1,209.25,JPN,3,4.23
2019-09-21,367.59,RUS,3,112.96,GRE,0,0.65
2019-09-21,126.65,TPE,3,132.73,CHN,1,6.86
2019-09-21,180.88,BEL,2,133,UKR,3,6.68
2019-10-01,190.58,AUS,1,157.35,EGY,3,8.17
2019-10-01,367.83,POL,3,167.57,TUN,0,1.43
2019-10-02,165.52,EGY,3,287.99,IRI,1,11.88
2019-10-02,166.14,TUN,1,291.49,ARG,3,1.15
2019-10-04,225.85,JPN,3,164.99,TUN,0,5.87
2019-10-04,405.09,BRA,3,177.39,EGY,1,0.01
2019-10-05,159.12,TUN,0,293.58,ITA,3,3.05
2019-10-05,177.38,EGY,2,251.78,CAN,3,0.9
2019-10-06,252.68,CAN,3,190.08,AUS,1,3.6
2019-10-06,357.64,USA,3,156.08,TUN,0,1.4
2019-10-06,341.14,RUS,3,176.48,EGY,1,0.01
2019-10-09,291.1,ITA,3,176.47,EGY,0,3.71
2019-10-09,154.67,TUN,2,256.29,CAN,3,0.01
2019-10-09,237.54,JPN,3,186.48,AUS,0,6.31
2019-10-10,154.66,TUN,0,280.11,IRI,3,3.34
2019-10-10,375.92,POL,3,172.76,EGY,0,1.38
2019-10-10,294.81,ITA,3,180.17,AUS,0,3.71
2019-10-11,151.33,TUN,0,421.4,BRA,3,0.53
2019-10-11,377.3,POL,3,176.46,AUS,0,1.42
2019-10-11,254.62,JPN,3,171.39,EGY,2,0.53
2019-10-13,150.8,TUN,3,170.85,EGY,1,7.54
2019-10-13,355.86,USA,3,175.04,AUS,0,1.82
2019-10-14,158.33,TUN,0,173.22,AUS,3,8.02
2019-10-14,285.6,ARG,3,163.31,EGY,1,1.26
2019-10-15,286.85,ARG,3,181.25,AUS,0,4.03
2019-10-15,364.68,USA,3,162.06,EGY,1,0.01
2019-10-15,150.31,TUN,0,314.39,RUS,3,2.21
2020-01-05,122.89,CZE,0,139.46,GER,3,5.67
2020-01-05,211.68,SLO,3,174.2,BEL,0,4.96
2020-01-06,169.24,BEL,0,145.14,GER,3,7.09
2020-01-07,162.15,BEL,3,117.21,CZE,2,1.58
2020-01-07,133.72,QAT,3,83.45,IND,0,4.53
2020-01-07,133.51,TPE,0,271.45,IRI,3,2.1
2020-01-07,162.05,EGY,3,130.45,ALG,1,3.59
2020-01-07,148.1,TUN,3,56,GHA,0,3.25
2020-01-07,177.22,AUS,3,156.59,KOR,2,2.41
2020-01-08,179.62,AUS,0,138.26,QAT,3,7.67
2020-01-08,52.75,GHA,0,165.64,EGY,3,2.69
2020-01-08,131.45,CHN,3,131.41,TPE,2,3.12
2020-01-08,152.24,CMR,0,151.35,TUN,3,6.28
2020-01-08,217.59,SLO,3,115.63,CZE,1,1.42
2020-01-08,154.18,KOR,3,78.92,IND,0,3.74
2020-01-09,145.93,QAT,2,157.92,KOR,3,2.71
2020-01-09,128.29,TPE,3,99.53,KAZ,1,3.69
2020-01-09,145.96,CMR,0,126.85,ALG,3,6.91
2020-01-09,75.17,IND,1,171.95,AUS,3,1.56
2020-01-09,168.34,EGY,0,157.63,TUN,3,6.62
2020-01-10,50.06,GHA,0,139.04,CMR,3,3.34
2020-01-10,125.04,PER,0,118.21,COL,3,6.49
2020-01-10,208.41,CUB,3,112.64,PUR,0,3.15
2020-01-10,130.11,CHI,1,117.98,VEN,3,5.11
2020-01-10,164.25,TUN,3,133.77,ALG,1,3.63
2020-01-11,142.38,CMR,0,161.71,EGY,3,5.58
2020-01-11,277.03,IRI,3,160.63,KOR,2,0.01
2020-01-11,124.7,COL,3,123.09,VEN,2,3.07
2020-01-11,125.01,CHI,3,118.55,PER,1,4.46
2020-01-11,109.5,PUR,3,145.93,MEX,0,7.51
2020-01-11,143.22,QAT,1,132.53,CHN,3,5.06
2020-01-11,130.13,ALG,3,46.72,GHA,0,3.5
2020-01-12,209.78,CUB,3,138.43,MEX,1,2.3
2020-01-12,129.47,CHI,3,127.77,COL,1,4.63
2020-01-12,252.45,CAN,3,117,PUR,0,2.15
2020-01-12,137.59,CHN,0,277.04,IRI,3,2.07
2020-08-30,57,CYP,1,126.38,ESP,3,1.64
2020-08-30,106.92,MLD,0,108.92,LAT,3,4.33
2020-08-31,113.25,LAT,1,128.03,ESP,3,2.92
2020-09-01,130.95,ESP,1,105.83,MLD,3,3.89
2020-09-01,110.33,LAT,3,52.12,CYP,0,2.99
2020-09-04,109.72,MLD,0,113.31,LAT,3,4.29
2020-09-04,49.13,CYP,3,127.05,ESP,0,6.2
2020-09-05,117.6,LAT,1,120.86,ESP,3,3.2
2020-09-06,124.06,ESP,3,102.04,MLD,0,3.84
2020-09-06,114.4,LAT,3,58.72,CYP,0,3.04
2021-01-11,112.4,DEN,0,132.16,TUR,3,3.89
2021-01-11,107.85,MKD,3,91.5,BIH,1,2.88
2021-01-12,104.6,ISR,0,99,AUT,3,4.51
2021-01-12,110.73,MKD,3,108.5,DEN,0,4.32
2021-01-13,139.28,TUR,3,115.05,MKD,1,2.69
2021-01-13,103.52,AUT,1,192.96,BUL,3,1.22
2021-01-13,85.38,BIH,3,104.18,DEN,0,4.84
2021-01-14,141.97,TUR,3,99.35,DEN,0,3.34
2021-01-14,90.22,BIH,0,112.36,MKD,3,3.83
2021-01-15,116.2,MKD,3,96.01,DEN,0,3.88
2021-01-15,102.29,AUT,2,97.86,ISR,3,2.3
2021-01-16,120.08,MKD,3,148.28,TUR,1,3.97
2021-01-16,92.12,DEN,0,83.42,BIH,3,4.59
2021-01-16,196.41,BUL,3,100,AUT,0,2.18
2021-05-06,114,ROU,3,93.32,ALB,0,3.87
2021-05-06,118.56,SVK,3,108,SUI,0,4.12
2021-05-07,105.62,CRO,1,168.78,NED,3,1.78
2021-05-07,122.68,SVK,3,117.87,ROU,1,3.16
2021-05-07,101.32,AZE,1,114.6,MNE,3,2.96
2021-05-07,105.6,BLR,2,105.84,POR,3,2.18
2021-05-07,103.88,SUI,3,89.45,ALB,0,4.02
2021-05-07,85.56,GEO,0,112.31,GRE,3,3.72
2021-05-07,93.34,HUN,3,106.84,NOR,1,3.61
2021-05-08,103.42,BLR,3,96.96,HUN,0,4.22
2021-05-08,117.56,MNE,2,116.03,GRE,3,2.23
2021-05-08,108.03,POR,3,103.23,NOR,0,4.26
2021-05-08,107.9,SUI,3,114.7,ROU,1,3.45
2021-05-08,85.43,ALB,1,125.84,SVK,3,2.3
2021-05-09,115.33,MNE,3,77.87,GEO,0,3.47
2021-05-09,112.28,POR,3,92.74,HUN,0,3.9
2021-05-09,105.3,SWE,1,103.84,CRO,3,3.32
2021-05-09,118.25,GRE,3,102.34,AZE,0,3.99
2021-05-14,128.14,SVK,3,111.35,SUI,1,2.87
2021-05-14,116.18,POR,3,111.8,BLR,1,3.17
2021-05-14,83.13,ALB,1,111.26,ROU,3,2.6
2021-05-14,74.4,GEO,0,122.24,GRE,3,3.22
2021-05-14,118.8,MNE,3,98.35,AZE,1,2.78
2021-05-14,94.81,NOR,3,88.84,HUN,1,3.13
2021-05-15,125.46,GRE,3,95.57,AZE,0,3.65
2021-05-15,107.16,CRO,3,100.38,SWE,2,2.02
2021-05-15,97.94,NOR,0,119.35,POR,3,3.85
2021-05-15,71.18,GEO,0,121.58,MNE,3,3.16
2021-05-15,85.71,HUN,1,108.62,BLR,3,2.72
2021-05-15,80.53,ALB,1,131.01,SVK,3,2.07
2021-05-15,113.85,ROU,2,108.48,SUI,3,2.32
2021-05-16,111.53,ROU,3,133.08,SVK,1,3.81
2021-05-16,175.05,NED,2,109.18,CRO,3,3.75
2021-05-16,110.8,SUI,3,78.47,ALB,1,2.49
2021-05-16,82.99,HUN,0,123.21,POR,3,3.4
2021-05-16,129.11,GRE,0,124.74,MNE,3,4.48
2021-05-21,97.82,AUT,2,79.59,HUN,3,1.5
2021-05-21,55.68,CYP,0,124.05,MKD,3,1.58
2021-05-21,87.54,DEN,3,98.02,ISR,2,1.4
2021-05-21,112.93,CRO,3,99.58,LUX,1,1.69
2021-05-22,88.93,DEN,3,54.1,CYP,0,2.02
2021-05-22,96.62,ISR,1,125.63,MKD,3,1.47
2021-05-22,81.09,HUN,3,97.89,LUX,0,2.73
2021-05-22,114.62,CRO,3,96.31,AUT,2,1.0
2021-05-23,127.1,MKD,0,90.95,DEN,3,3.0
2021-05-23,95.16,LUX,0,95.32,AUT,3,2.5
2021-05-23,83.82,HUN,3,115.61,CRO,1,2.32
2021-05-27,113.3,CRO,3,92.66,LUX,0,2.21
2021-05-27,97.82,AUT,0,86.14,HUN,3,2.66
2021-05-28,155.34,GER,3,173.51,AUS,0,11.01
2021-05-28,117.44,LAT,1,163.74,BEL,3,1.24
2021-05-28,124.1,MKD,3,93.95,DEN,0,2.08
2021-05-28,114.21,CZE,1,144.32,TUR,3,1.46
2021-05-28,88.8,HUN,0,115.51,CRO,3,2.13
2021-05-28,92.94,EST,3,127.89,ESP,0,2.98
2021-05-29,126.61,POR,0,145.77,TUR,3,2.23
2021-05-29,124.91,ESP,1,164.98,BEL,3,1.32
2021-05-29,162.5,AUS,0,195.44,BUL,3,8.18
2021-05-29,91.87,DEN,3,54.53,CYP,0,1.98
2021-05-29,115.3,BLR,3,112.75,CZE,1,1.84
2021-05-29,86.67,HUN,3,90.45,LUX,0,2.55
2021-05-29,95.93,EST,3,116.2,LAT,0,2.78
2021-05-29,92.7,ISR,1,126.19,MKD,3,1.41
2021-05-29,117.64,CRO,2,95.15,AUT,3,1.56
2021-05-30,52.55,CYP,1,127.6,MKD,3,0.87
2021-05-30,123.59,ESP,3,113.42,LAT,1,1.73
2021-05-30,154.32,AUS,1,296.09,FRA,3,0.73
2021-05-30,110.92,CZE,2,124.37,POR,3,1.06
2021-05-30,87.89,LUX,3,96.72,AUT,0,2.62
2021-05-30,166.3,BEL,2,98.71,EST,3,2.16
2021-05-30,93.85,DEN,0,91.29,ISR,3,2.54
2021-05-31,115.06,BLR,3,125.44,POR,2,1.39
2021-06-01,139.67,UKR,3,115.34,ROU,1,1.54
2021-06-02,113.8,ROU,2,129.27,SVK,3,1.03
2021-06-03,153.59,AUS,0,374.96,POL,3,1.23
2021-06-03,130.31,SVK,0,141.21,UKR,3,2.35
2021-06-04,324.88,RUS,3,152.36,AUS,0,2.29
2021-06-04,100.87,EST,3,125.32,ESP,1,2.21
2021-06-04,112.77,ROU,1,143.56,UKR,3,1.45
2021-06-04,109.85,CZE,3,124.04,POR,0,2.7
2021-06-04,111.69,LAT,1,164.14,BEL,3,1.16
2021-06-05,123.11,ESP,3,110.53,LAT,0,2.32
2021-06-05,121.34,POR,0,152.11,TUR,3,2.07
2021-06-05,89.22,HUN,1,91.32,DEN,3,1.85
2021-06-05,114.42,BLR,1,112.55,CZE,3,1.9
2021-06-05,127.96,SVK,1,111.32,ROU,3,2.11
2021-06-05,165.3,BEL,1,103.08,EST,3,2.72
2021-06-05,128.47,MKD,3,116.08,CRO,2,1.08
2021-06-05,346.28,USA,3,150.07,AUS,0,1.72
2021-06-06,125.43,ESP,0,162.59,BEL,3,1.99
2021-06-06,105.8,EST,3,108.2,LAT,0,2.53
2021-06-06,114.45,CZE,1,154.19,TUR,3,1.33
2021-06-06,112.52,BLR,3,119.27,POR,2,1.34
2021-06-06,129.55,MKD,1,93.16,DEN,3,2.38
2021-06-06,115,CRO,2,87.38,HUN,3,1.63
2021-06-06,145.01,UKR,3,125.85,SVK,1,1.61
2021-06-09,269.95,JPN,3,148.35,AUS,1,1.46
2021-06-10,255.81,ARG,3,146.89,AUS,0,4.47
2021-06-11,142.42,AUS,0,265.99,ITA,3,3.89
2021-06-15,283.79,IRI,2,138.53,AUS,3,11.89
2021-06-16,272.96,SLO,3,150.42,AUS,1,1.42
2021-06-17,176.92,BUL,0,322.15,RUS,3,3.11
2021-06-17,149,AUS,0,434.23,BRA,3,0.47
2021-06-19,146.62,UKR,3,164.57,BEL,0,2.75
2021-06-19,108.33,EST,2,155.52,TUR,3,0.6
2021-06-20,149.37,UKR,1,156.12,TUR,3,1.78
2021-06-20,161.82,BEL,0,107.73,EST,3,3.24
2021-06-21,257.84,JPN,3,173.81,BUL,0,5.57
2021-06-21,148.52,AUS,1,282,SRB,3,1.02
2021-06-22,434.8,BRA,3,171.34,GER,0,0.67
2021-06-22,258.95,CAN,3,147.51,AUS,0,4.37
2021-06-22,168.24,BUL,0,317.32,USA,3,2.98
2021-06-23,297.67,SLO,3,165.25,BUL,0,3.56
2021-06-23,143.14,AUS,0,159.19,NED,3,9.11
2021-06-23,270.75,ITA,3,170.67,GER,2,0.01
2021-07-24,431.08,BRA,3,167.89,TUN,0,0.84
2021-07-26,318.42,FRA,3,167.05,TUN,0,3.64
2021-07-28,330.79,USA,3,163.41,TUN,1,0.01
2021-07-30,279.62,ITA,3,252.05,IRI,1,7.46
2021-07-30,278.04,ARG,3,163.4,TUN,2,0.01
2021-08-01,249.8,JPN,3,244.58,IRI,2,5.89
2021-08-01,326.94,USA,0,278.05,ARG,3,15.84
2021-08-01,360.61,RUS,3,163.39,TUN,0,2.12
2021-08-03,289.91,ITA,2,293.89,ARG,3,5.97
2021-08-05,336.17,FRA,3,299.86,ARG,0,10.0
2021-08-07,289.87,ARG,3,408.74,BRA,2,13.67
2021-08-07,346.16,FRA,3,381.89,RUS,2,8.72
2021-08-18,258.83,CAN,0,114.85,PUR,3,14.77
2021-08-18,136.13,MEX,3,106.29,TTO,0,7.3
2021-08-18,212.08,CUB,3,118.72,DOM,1,2.29
2021-08-19,311.11,USA,3,116.43,DOM,1,0.01
2021-08-19,143.42,MEX,3,129.62,PUR,1,5.89
2021-08-20,149.31,MEX,3,246.77,CAN,0,13.18
2021-08-20,123.73,PUR,3,96.3,TTO,0,7.41
2021-08-20,116.42,DOM,3,83,GUA,1,4.94
2021-08-21,131.14,PUR,3,121.35,DOM,1,6.08
2021-08-22,88.89,TTO,0,115.27,DOM,3,7.46
2021-08-22,230.62,CUB,1,137.22,PUR,3,10.84
2021-08-22,162.49,MEX,0,241.02,CAN,3,5.08
2021-08-23,122.73,DOM,1,290.66,USA,3,0.01
2021-08-23,148.06,PUR,3,246.1,CAN,0,13.2
2021-08-23,219.78,CUB,1,157.41,MEX,3,9.53
2021-09-01,110.97,EST,1,105.67,LAT,3,6.82
2021-09-01,125.89,FIN,3,127.17,MKD,1,6.63
2021-09-01,303.53,ARG,3,123.14,COL,0,1.8
2021-09-02,134.1,CHI,3,107.66,PER,0,7.46
2021-09-02,124.63,GRE,2,147.58,UKR,3,3.25
2021-09-02,395.46,BRA,3,121.34,COL,0,0.48
2021-09-02,373.18,RUS,1,157.9,TUR,3,14.16
2021-09-02,168.29,NED,3,123.44,ESP,0,6.58
2021-09-02,380.77,POL,3,117.93,POR,1,0.01
2021-09-02,158.59,BEL,1,276.93,SRB,3,1.36
2021-09-03,174.88,NED,3,120.55,MKD,0,6.15
2021-09-03,395.94,BRA,3,141.56,CHI,0,0.65
2021-09-03,290.67,USA,3,166.93,MEX,0,0.97
2021-09-03,305.33,ARG,3,100.2,PER,0,1.32
2021-09-03,157.22,BEL,2,117.92,POR,3,6.28
2021-09-03,172.06,TUR,3,116.86,ESP,1,3.92
2021-09-03,354.88,FRA,3,124.24,SVK,0,0.93
2021-09-03,150.84,UKR,0,278.29,SRB,3,3.24
2021-09-03,113.12,CZE,3,287.4,SLO,1,13.37
2021-09-03,122.72,DOM,3,161.26,PUR,1,2.41
2021-09-03,129.23,MNE,0,161.7,BUL,3,7.17
2021-09-03,113.37,CRO,0,170.66,GER,3,6.01
2021-09-04,150.94,BEL,3,121.37,GRE,0,7.31
2021-09-04,291.64,USA,3,158.86,PUR,0,0.88
2021-09-04,120.86,COL,3,98.88,PER,1,5.49
2021-09-04,111.83,BLR,3,126.5,CZE,1,7.28
2021-09-04,107.35,CRO,3,112.49,LAT,2,4.63
2021-09-04,165.97,MEX,1,233.65,CAN,3,0.96
2021-09-04,122.06,MNE,0,274.02,SLO,3,2.5
2021-09-04,112.94,ESP,0,132.52,FIN,3,7.79
2021-09-04,281.54,SRB,2,380.78,POL,3,0.01
2021-09-04,306.65,ARG,3,140.9,CHI,1,0.01
2021-09-04,125.13,DOM,3,83.4,SUR,0,1.93
2021-09-04,181.03,NED,2,359.02,RUS,3,0.01
2021-09-04,123.32,SVK,2,104.14,EST,3,5.31
2021-09-05,119.22,CZE,2,168.87,BUL,3,1.99
2021-09-05,355.81,FRA,3,111.98,CRO,0,0.77
2021-09-05,114.07,GRE,1,380.79,POL,3,0.01
2021-09-05,127.05,DOM,3,292.52,USA,2,3.13
2021-09-05,157.97,PUR,1,234.61,CAN,3,0.85
2021-09-05,81.47,SUR,0,165,MEX,3,1.4
2021-09-05,396.6,BRA,3,306.66,ARG,1,2.43
2021-09-05,285.98,ITA,3,119.55,MNE,0,2.13
2021-09-05,126.35,COL,1,140.89,CHI,3,5.85
2021-09-05,109.46,EST,0,176.67,GER,3,5.57
2021-09-05,124.2,POR,2,147.59,UKR,3,3.23
2021-09-05,359.03,RUS,3,140.31,FIN,1,0.01
2021-09-05,114.4,MKD,0,175.98,TUR,3,5.82
2021-09-06,380.8,POL,3,158.25,BEL,0,1.04
2021-09-06,170.85,BUL,1,288.1,ITA,3,1.4
2021-09-06,166.4,MEX,3,157.12,PUR,0,2.37
2021-09-06,130.18,DOM,1,235.47,CAN,3,0.53
2021-09-06,120.96,POR,1,281.53,SRB,3,0.09
2021-09-06,182.24,GER,1,356.57,FRA,3,0.01
2021-09-06,181.8,TUR,1,181.02,NED,3,6.6
2021-09-06,108.58,MKD,1,105.15,ESP,3,6.73
2021-09-06,107.86,LAT,2,118,SVK,3,3.88
2021-09-07,129.65,DOM,2,168.77,MEX,3,0.71
2021-09-07,150.82,UKR,3,157.21,BEL,1,6.88
2021-09-07,154.75,PUR,3,79.71,SUR,1,0.87
2021-09-07,136.81,CMR,3,99.04,COD,1,4.73
2021-09-07,117.43,MNE,0,117.23,CZE,3,8.76
2021-09-07,281.61,SRB,3,114.06,GRE,2,0.01
2021-09-07,111.88,ESP,1,359.04,RUS,3,0.01
2021-09-07,278.88,SLO,3,169.45,BUL,0,3.87
2021-09-07,140.3,FIN,1,187.62,NED,3,4.28
2021-09-07,103.99,LAT,1,182.23,GER,3,2.91
2021-09-07,111.21,CRO,3,103.89,EST,2,4.02
2021-09-08,235.48,CAN,3,128.94,DOM,0,1.14
2021-09-08,56,KEN,3,167.29,EGY,2,9.32
2021-09-08,359.05,RUS,3,101.85,MKD,0,0.63
2021-09-08,290.27,USA,0,169.48,MEX,3,4.0
2021-09-08,116.75,BLR,3,108.67,MNE,0,8.35
2021-09-08,381.84,POL,3,157.7,UKR,0,1.02
2021-09-08,136.02,FIN,3,175.2,TUR,2,6.27
2021-09-08,155.62,PUR,3,78.84,SUR,1,0.85
2021-09-08,165.29,TUN,3,54.62,ETH,0,3.82
2021-09-08,56,NGR,0,161.27,TUN,3,4.02
2021-09-08,114.05,GRE,1,120.88,POR,3,6.23
2021-09-08,54.67,MLI,0,141.54,CMR,3,4.74
2021-09-08,356.58,FRA,3,101.08,LAT,0,0.64
2021-09-08,121.88,SVK,1,115.23,CRO,3,6.89
2021-09-09,127.8,DOM,1,286.27,USA,3,0.05
2021-09-09,157.97,EGY,3,44.11,TAN,0,3.71
2021-09-09,146.27,CMR,3,49.03,NIG,0,4.33
2021-09-09,99.87,EST,0,357.23,FRA,3,0.63
2021-09-09,185.14,GER,3,114.99,SVK,2,1.07
2021-09-09,125.99,CZE,1,297.92,ITA,3,0.01
2021-09-09,236.62,CAN,0,173.48,MEX,3,3.35
2021-09-09,165.58,BUL,3,125.11,BLR,1,4.6
2021-09-10,41.71,SSD,0,169.11,TUN,3,3.25
2021-09-10,161.68,EGY,3,120.08,MAR,1,4.55
2021-09-11,166.23,EGY,3,66.63,UGA,1,2.05
2021-09-11,359.67,RUS,3,156.68,UKR,1,0.01
2021-09-11,382.86,POL,3,142.29,FIN,0,0.8
2021-09-11,172.36,TUN,3,103.1,COD,0,5.48
2021-09-11,150.6,CMR,3,66.73,NGR,1,2.67
2021-09-12,186.21,GER,3,170.18,BUL,1,5.78
2021-09-12,191.9,NED,3,127.1,POR,2,1.3
2021-09-12,252.48,JPN,3,138.16,QAT,0,3.69
2021-09-12,64.8,KUW,0,135.52,CHN,3,5.42
2021-09-12,117.25,THA,2,100.06,PAK,3,5.22
2021-09-12,50,KSA,0,160.62,KOR,3,3.83
2021-09-12,281.62,SRB,3,168.93,TUR,2,0.01
2021-09-12,131.98,TPE,3,95.84,KAZ,0,6.99
2021-09-12,297.93,ITA,3,100.43,LAT,0,1.45
2021-09-12,238.7,IRI,3,69.6,HKG,0,2.06
2021-09-12,134.03,AUS,3,50,UZB,0,4.85
2021-09-13,138.89,AUS,3,59.38,KUW,0,5.04
2021-09-13,274.33,SLO,3,122.12,CRO,1,0.31
2021-09-13,46.17,KSA,0,138.98,TPE,3,4.5
2021-09-13,164.45,KOR,3,88.85,KAZ,0,5.21
2021-09-13,168.27,EGY,1,177.84,TUN,3,6.09
2021-09-13,357.85,FRA,0,125.98,CZE,3,16.59
2021-09-13,45.15,UZB,0,140.94,CHN,3,4.38
2021-09-13,59.9,BRN,1,256.17,JPN,3,0.01
2021-09-13,122.55,MAR,2,153.28,CMR,3,2.88
2021-09-13,67.54,HKG,1,105.28,PAK,3,4.73
2021-09-13,63.71,IND,0,134.47,QAT,3,5.42
2021-09-13,240.76,IRI,3,112.03,THA,0,3.2
2021-09-14,119.67,MAR,1,162.18,EGY,3,4.51
2021-09-14,139.88,QAT,3,59.89,BRN,0,5.02
2021-09-14,110.01,PAK,0,243.96,IRI,3,3.04
2021-09-14,193.2,NED,0,281.63,SRB,3,4.68
2021-09-14,143.48,TPE,3,169.65,KOR,1,7.84
2021-09-14,256.18,JPN,3,58.3,IND,0,1.45
2021-09-14,156.15,CMR,1,183.93,TUN,3,5.21
2021-09-14,145.32,CHN,2,143.93,AUS,3,4.44
2021-09-15,299.39,ITA,3,191.99,GER,0,3.94
2021-09-15,142.57,CZE,0,274.64,SLO,3,3.1
2021-09-16,144.91,QAT,3,148.37,AUS,0,8.92
2021-09-16,106.97,PAK,1,151.32,TPE,3,4.42
2021-09-16,257.63,JPN,1,140.88,CHN,3,11.71
2021-09-16,247,IRI,3,161.81,KOR,0,4.81
2021-09-17,245.93,JPN,3,139.45,AUS,0,3.98
2021-09-17,251.8,IRI,3,155.74,TPE,0,4.37
2021-09-17,102.55,PAK,3,157.01,KOR,0,11.36
2021-09-17,153.83,QAT,2,152.58,CHN,3,4.44
2021-09-18,149.39,QAT,3,145.65,KOR,0,8.57
2021-09-18,135.48,AUS,3,113.91,PAK,0,7.7
2021-09-18,286.31,SRB,1,303.33,ITA,3,5.73
2021-09-18,157.02,CHN,1,256.18,IRI,3,2.07
2021-09-18,249.9,JPN,3,151.36,TPE,1,2.09
2021-09-18,391.24,POL,1,277.74,SLO,3,11.59
2021-09-19,251.99,JPN,0,258.24,IRI,3,8.44
2021-09-19,137.08,KOR,0,106.22,PAK,3,10.25
2021-09-19,157.96,QAT,3,143.17,AUS,0,8.03
2021-09-19,289.33,SLO,2,309.06,ITA,3,3.41
2021-09-19,379.65,POL,3,280.58,SRB,0,4.26
2021-09-19,149.28,TPE,0,154.95,CHN,3,8.47
2022-05-24,75.97,ALB,1,113.43,ROU,3,1.36
2022-05-25,168.92,TUR,3,113.92,SVK,0,1.75
2022-05-25,99.25,EST,1,139.47,CZE,3,1.32
2022-05-25,150.33,BEL,3,98.98,LAT,0,1.8
2022-05-25,121.81,CRO,1,156.67,UKR,3,1.39
2022-05-25,95.54,DEN,2,111.87,ESP,3,1.02
2022-05-25,101.22,MKD,3,88.01,BIH,0,2.32
2022-05-26,158.07,UKR,3,120.42,CRO,1,1.36
2022-05-28,141.49,FIN,3,89.01,HUN,0,1.78
2022-05-28,97.18,LAT,2,97.92,EST,3,1.24
2022-05-28,159.42,UKR,3,112.89,ESP,1,1.24
2022-05-28,114.79,ROU,3,103.54,MKD,2,1.09
2022-05-28,119.06,CRO,3,94.52,DEN,0,2.16
2022-05-28,140.79,CZE,3,152.13,BEL,0,2.66
2022-05-29,125.8,POR,3,112.17,SVK,0,2.31
2022-05-29,111.65,ESP,0,160.66,UKR,3,1.83
2022-06-01,121.22,CRO,3,109.82,ESP,1,1.72
2022-06-01,128.11,POR,1,170.67,TUR,3,1.29
2022-06-01,115.88,ROU,3,86.79,BIH,0,2.1
2022-06-01,95.94,LAT,0,143.45,CZE,3,1.85
2022-06-01,99.16,EST,3,149.47,BEL,1,2.56
2022-06-01,102.44,MKD,1,73.52,ALB,3,2.28
2022-06-03,156.48,PUR,2,176.84,MEX,3,0.97
2022-06-03,210.26,CUB,3,127.76,DOM,0,1.41
2022-06-03,162.49,UKR,3,92.36,DEN,2,0.31
2022-06-04,84.69,BIH,1,117.97,ROU,3,1.41
2022-06-04,177.8,MEX,0,211.67,CUB,3,2.03
2022-06-04,75.79,ALB,3,100.17,MKD,1,2.21
2022-06-04,92.05,DEN,2,162.8,UKR,3,0.3
2022-06-04,145.3,CZE,3,94.09,LAT,0,1.8
2022-06-04,155.51,PUR,2,126.35,DOM,3,1.65
2022-06-04,108.11,ESP,2,122.94,CRO,3,1.04
2022-06-05,213.7,CUB,3,153.85,PUR,0,1.69
2022-06-05,128,DOM,3,175.77,MEX,2,1.9
2022-06-05,171.96,TUR,3,126.82,POR,0,1.88
2022-06-05,146.91,BEL,0,101.73,EST,3,3.12
2022-06-07,164.41,BUL,1,276.32,SRB,3,1.85
2022-06-07,285.92,SLO,0,286.32,USA,3,9.98
2022-06-07,163.42,CHN,1,266.68,IRI,3,2.21
2022-06-07,233.27,CAN,0,188.04,GER,3,12.48
2022-06-08,104.85,EST,3,92.29,LAT,1,1.7
2022-06-08,383.9,POL,3,304.23,ARG,0,5.78
2022-06-08,399.02,BRA,3,135.15,AUS,0,0.67
2022-06-08,243.55,JPN,3,188.52,NED,1,4.51
2022-06-08,143.79,BEL,1,147.1,CZE,3,1.83
2022-06-08,109.86,SVK,2,124.94,POR,3,1.04
2022-06-08,91.75,DEN,0,123.98,CRO,3,2.05
2022-06-08,341.27,FRA,3,312.47,ITA,0,8.4
2022-06-08,97.95,MKD,3,119.39,ROU,1,2.17
2022-06-09,278.17,SRB,1,349.67,FRA,3,3.67
2022-06-09,200.52,GER,1,298.45,ARG,3,2.44
2022-06-09,399.69,BRA,3,275.94,SLO,1,1.38
2022-06-09,248.05,JPN,3,161.22,CHN,1,2.94
2022-06-09,184.02,NED,0,296.29,USA,3,4.33
2022-06-10,274.5,SRB,3,300.89,ARG,2,6.46
2022-06-10,251,JPN,2,300.63,USA,3,2.29
2022-06-10,134.48,AUS,0,274.56,SLO,3,3.29
2022-06-10,179.69,NED,3,268.89,IRI,0,14.67
2022-06-10,162.56,BUL,2,198.08,GER,3,3.04
2022-06-10,353.34,FRA,3,220.79,CAN,0,3.55
2022-06-11,107.07,ESP,3,89.69,DEN,1,1.63
2022-06-11,159.52,BUL,0,377.68,POL,3,1.29
2022-06-11,201.12,GER,3,280.96,SRB,2,9.23
2022-06-11,254.23,IRI,3,131.2,AUS,1,1.41
2022-06-11,148.93,CZE,3,106.55,EST,0,1.92
2022-06-11,277.85,SLO,3,158.27,CHN,1,1.54
2022-06-11,90.59,LAT,0,141.96,BEL,3,1.8
2022-06-11,80.7,BIH,0,100.13,MKD,3,2.23
2022-06-11,108.82,SVK,0,173.84,TUR,3,1.62
2022-06-12,255.63,IRI,0,248.71,JPN,3,10.39
2022-06-12,294.43,ARG,1,320.97,ITA,3,6.03
2022-06-12,158.23,BUL,2,212.33,CAN,3,2.05
2022-06-12,117.22,ROU,3,80.58,ALB,0,1.99
2022-06-12,87.23,HUN,1,143.27,FIN,3,1.11
2022-06-12,356.9,FRA,1,378.97,POL,3,6.27
2022-06-12,388.5,BRA,0,156.73,CHN,3,18.93
2022-06-12,194.35,NED,3,129.79,AUS,0,6.52
2022-06-18,150.85,CZE,3,163.1,UKR,2,1.42
2022-06-18,119.21,ROU,3,86.12,HUN,0,2.04
2022-06-18,144.38,FIN,3,102.36,MKD,1,1.3
2022-06-18,175.46,TUR,3,126.03,CRO,1,1.2
2022-06-19,101.06,MKD,3,84.07,HUN,2,1.01
2022-06-19,145.68,FIN,2,121.25,ROU,3,1.59
2022-06-19,176.66,TUR,1,152.27,CZE,3,2.21
2022-06-19,124.83,CRO,3,161.68,UKR,2,1.76
2022-06-21,288.4,ARG,1,259.1,JPN,3,9.12
2022-06-21,123.27,AUS,1,214.39,CAN,3,2.75
2022-06-21,279.39,SLO,0,200.87,NED,3,14.17
2022-06-21,245.25,IRI,0,156.18,BUL,3,14.66
2022-06-22,369.57,BRA,1,385.24,POL,3,6.63
2022-06-22,210.35,GER,0,327,ITA,3,4.16
2022-06-22,271.73,SRB,1,315.48,USA,3,5.1
2022-06-22,175.67,CHN,0,350.62,FRA,3,2.23
2022-06-23,391.87,POL,3,217.13,CAN,0,2.23
2022-06-23,320.58,USA,0,230.59,IRI,3,14.7
2022-06-23,279.28,ARG,1,265.22,SLO,3,8.28
2022-06-23,266.63,SRB,0,362.94,BRA,3,5.01
2022-06-23,173.44,CHN,3,206.2,GER,0,11.81
2022-06-23,352.85,FRA,3,215.04,NED,0,3.36
2022-06-24,268.22,JPN,3,331.15,ITA,2,8.4
2022-06-24,245.29,IRI,0,367.95,BRA,3,3.92
2022-06-24,194.38,GER,1,211.68,NED,3,6.54
2022-06-24,261.62,SRB,3,214.9,CAN,2,2.44
2022-06-24,120.52,AUS,3,170.84,BUL,2,7.75
2022-06-24,271,ARG,3,185.25,CHN,1,2.99
2022-06-25,273.99,ARG,2,218.21,NED,3,8.03
2022-06-25,212.46,CAN,0,241.37,IRI,3,8.4
2022-06-25,322.75,ITA,3,273.5,SLO,0,7.31
2022-06-25,276.62,JPN,0,356.21,FRA,3,5.78
2022-06-25,394.1,POL,3,128.27,AUS,0,0.65
2022-06-25,305.88,USA,3,163.09,BUL,1,0.69
2022-06-26,330.06,ITA,3,182.26,CHN,0,3.03
2022-06-26,264.06,SRB,3,127.63,AUS,0,3.41
2022-06-26,270.83,JPN,3,266.2,SLO,1,7.24
2022-06-26,187.85,GER,1,362,FRA,3,0.01
2022-06-26,306.57,USA,1,394.75,POL,3,2.88
2022-06-26,162.4,BUL,0,371.87,BRA,3,1.45
2022-07-05,249.77,IRI,3,397.63,POL,2,11.98
2022-07-05,303.69,USA,3,187.84,GER,1,1.69
2022-07-05,204.06,CAN,1,265.96,ARG,3,4.15
2022-07-05,160.95,BUL,0,333.09,ITA,3,2.3
2022-07-06,258.96,SLO,3,267.47,SRB,0,10.47
2022-07-06,373.32,BRA,3,186.15,GER,1,0.01
2022-07-06,226.25,NED,3,179.23,CHN,0,7.42
2022-07-06,278.08,JPN,3,124.22,AUS,1,0.33
2022-07-07,199.91,CAN,0,373.33,BRA,3,2.27
2022-07-07,186.14,GER,3,123.88,AUS,1,4.14
2022-07-07,335.39,ITA,3,261.74,IRI,1,3.57
2022-07-07,385.65,POL,3,171.8,CHN,0,1.37
2022-07-07,158.65,BUL,1,269.43,SLO,3,1.89
2022-07-07,362.01,FRA,2,305.38,USA,3,8.08
2022-07-08,353.93,FRA,3,375.6,BRA,0,11.2
2022-07-08,270.11,ARG,3,119.75,AUS,1,0.44
2022-07-08,156.75,BUL,3,233.67,NED,1,11.59
2022-07-08,271.32,SLO,0,258.17,IRI,3,10.73
2022-07-08,338.96,ITA,3,257,SRB,0,5.67
2022-07-08,278.41,JPN,3,197.64,CAN,1,3.23
2022-07-09,190.27,GER,1,281.64,JPN,3,2.73
2022-07-09,170.44,CHN,3,168.34,BUL,1,7.38
2022-07-09,365.13,FRA,1,270.55,ARG,3,12.41
2022-07-09,268.91,IRI,3,251.33,SRB,0,9.02
2022-07-09,387.02,POL,3,222.08,NED,0,2.5
2022-07-09,194.41,CAN,0,313.45,USA,3,4.06
2022-07-10,119.3,AUS,0,352.72,FRA,3,1.04
2022-07-10,177.82,CHN,1,242.31,SRB,3,4.02
2022-07-10,389.52,POL,3,260.59,SLO,1,1.18
2022-07-10,344.63,ITA,3,219.58,NED,0,3.83
2022-07-10,317.52,USA,3,282.96,ARG,2,3.09
2022-07-10,364.39,BRA,3,284.37,JPN,0,5.76
2022-07-20,348.46,ITA,3,215.75,NED,1,1.05
2022-07-20,320.61,USA,3,370.16,BRA,1,10.21
2022-07-21,353.77,FRA,3,278.61,JPN,0,6.0
2022-07-21,390.71,POL,3,277.93,IRI,2,0.01
2022-07-23,390.72,POL,0,330.82,USA,3,13.24
2022-07-23,349.5,ITA,0,359.76,FRA,3,9.43
2022-07-24,340.07,ITA,0,377.47,POL,3,7.94
2022-07-24,369.19,FRA,3,344.06,USA,2,3.61
2022-07-28,126.83,KOR,3,118.26,AUS,2,2.26
2022-07-28,215.39,CUB,3,146.74,CHI,0,3.16
2022-07-29,174.45,TUR,3,165.98,QAT,1,3.51
2022-07-29,189.14,TUN,1,154.48,CZE,3,4.71
2022-07-30,129.09,KOR,0,177.96,TUR,3,3.66
2022-07-30,218.54,CUB,3,159.19,CZE,0,3.39
2022-07-31,221.94,CUB,3,181.62,TUR,1,2.64
2022-07-31,155.8,CZE,2,125.43,KOR,3,3.34
2022-08-03,95.71,AZE,1,88.06,DEN,3,3.47
2022-08-03,143.76,BEL,3,56,FAR,0,2.35
2022-08-03,125.98,POR,3,48.9,ISL,0,2.57
2022-08-03,126.59,CRO,3,51.67,CYP,0,2.62
2022-08-03,122.84,ROU,3,78.59,ALB,0,3.31
2022-08-03,78.47,BIH,1,113.3,SUI,3,2.43
2022-08-03,90.14,NOR,2,107.82,GRE,3,1.75
2022-08-03,107.2,SVK,3,64.23,GEO,0,3.34
2022-08-03,83.06,HUN,2,108.7,ESP,3,1.56
2022-08-03,94.09,AUT,1,88.8,LAT,3,3.41
2022-08-03,100.31,MNE,3,90.52,LUX,0,4.13
2022-08-06,60.89,GEO,0,81.5,HUN,3,3.87
2022-08-06,92.21,LAT,1,144.09,FIN,3,2.04
2022-08-06,92.24,AZE,0,178.98,TUR,3,2.37
2022-08-07,110.26,ESP,3,110.54,SVK,0,4.38
2022-08-07,115.73,SUI,3,126.15,ROU,2,2.44
2022-08-07,109.57,GRE,3,129.21,CRO,0,4.86
2022-08-07,104.63,EST,2,146.11,BEL,3,1.18
2022-08-07,104.45,MNE,3,128.55,POR,2,2.78
2022-08-09,190.35,CAN,2,173.87,MEX,3,1.48
2022-08-09,129.9,DOM,0,340.45,USA,3,0.36
2022-08-09,143.58,CHI,0,224.58,CUB,3,1.43
2022-08-09,359.95,BRA,1,152.17,PUR,3,4.01
2022-08-10,123.71,ROU,3,79.3,BIH,1,2.21
2022-08-10,53.65,FAR,0,103.45,EST,3,3.18
2022-08-10,125.78,POR,3,89.79,LUX,0,3.5
2022-08-10,106.15,SVK,3,85.37,HUN,0,3.87
2022-08-10,114.43,GRE,3,54.38,CYP,0,2.94
2022-08-10,181.35,TUR,3,91.53,DEN,1,1.22
2022-08-10,355.94,BRA,1,175.35,MEX,3,3.86
2022-08-10,226,CUB,3,129.55,DOM,0,1.25
2022-08-10,118.17,SUI,3,72.02,ALB,1,2.17
2022-08-10,340.81,USA,3,142.16,CHI,0,0.41
2022-08-10,114.64,ESP,3,57.02,GEO,0,3.0
2022-08-10,107.22,MNE,3,42.92,ISL,0,2.85
2022-08-10,124.36,CRO,3,83.06,NOR,0,3.38
2022-08-10,188.87,CAN,3,156.17,PUR,0,2.05
2022-08-10,146.13,FIN,3,90.68,AUT,1,1.95
2022-08-11,179.2,MEX,2,154.12,PUR,3,1.6
2022-08-11,341.22,USA,0,227.25,CUB,3,3.94
2022-08-11,141.74,CHI,3,128.3,DOM,1,1.69
2022-08-11,190.92,CAN,3,352.08,BRA,2,3.1
2022-08-12,337.29,USA,3,155.72,PUR,0,0.51
2022-08-12,177.6,MEX,2,143.43,CHI,3,1.72
2022-08-13,81.5,HUN,1,110.02,SVK,3,2.59
2022-08-13,54.02,GEO,0,117.64,ESP,3,2.86
2022-08-13,86.29,LUX,0,129.28,POR,3,3.34
2022-08-13,194.02,CAN,3,337.8,USA,2,2.96
2022-08-13,106.62,EST,3,50.47,FAR,0,3.03
2022-08-13,126.61,DOM,1,175.88,MEX,3,1.2
2022-08-13,231.19,CUB,3,145.15,CHI,0,1.37
2022-08-13,77.09,BIH,0,125.91,ROU,3,3.2
2022-08-13,51.44,CYP,0,117.37,GRE,3,2.81
2022-08-13,69.85,ALB,0,120.34,SUI,3,3.16
2022-08-13,348.99,BRA,0,155.21,PUR,3,4.56
2022-08-14,90.31,DEN,3,182.57,TUR,2,4.3
2022-08-14,232.56,CUB,3,196.98,CAN,0,2.01
2022-08-14,143.78,CHI,1,334.84,USA,3,0.01
2022-08-14,40.07,ISL,0,110.07,MNE,3,2.72
2022-08-14,159.77,PUR,3,177.08,MEX,1,2.12
2022-08-14,79.68,NOR,0,127.73,CRO,3,3.22
2022-08-14,344.43,BRA,2,125.41,DOM,3,3.43
2022-08-14,88.73,AUT,2,148.08,FIN,3,0.77
2022-08-17,130.95,CRO,1,120.19,GRE,3,3.55
2022-08-17,129.11,ROU,3,123.5,SUI,2,2.05
2022-08-17,112.61,SVK,1,120.5,ESP,3,3.09
2022-08-17,178.27,TUR,3,89.87,AZE,0,2.34
2022-08-17,148.85,FIN,3,90.17,LAT,0,2.97
2022-08-17,78.92,HUN,3,51.16,GEO,0,3.7
2022-08-17,132.61,POR,3,112.8,MNE,0,3.89
2022-08-17,147.3,BEL,3,109.66,EST,0,3.46
2022-08-20,47.46,GEO,0,109.52,SVK,3,2.9
2022-08-20,53.68,CYP,0,127.4,CRO,3,2.64
2022-08-20,69.05,ALB,0,131.16,ROU,3,2.9
2022-08-20,94.61,DEN,3,87.53,AZE,0,4.2
2022-08-20,86.22,LUX,1,108.91,MNE,3,2.73
2022-08-21,34.07,ISL,0,136.51,POR,3,2.06
2022-08-21,121.45,SUI,3,71.53,BIH,0,3.17
2022-08-21,87.2,LAT,3,87.96,AUT,2,2.21
2022-08-21,123.59,ESP,3,82.61,HUN,0,3.38
2022-08-21,47.44,FAR,0,150.76,BEL,3,2.05
2022-08-21,123.73,GRE,3,71.41,NOR,0,3.12
2022-08-26,385.41,POL,3,160.96,BUL,0,1.33
2022-08-26,259.41,SLO,3,150.95,CMR,0,5.05
2022-08-26,372.8,FRA,3,187.54,GER,0,2.21
2022-08-26,272.61,JPN,3,162.47,QAT,0,4.97
2022-08-26,340.99,BRA,3,234.57,CUB,2,0.01
2022-08-26,334.85,USA,3,174.97,MEX,0,2.98
2022-08-27,332.14,ITA,3,194.97,CAN,0,3.81
2022-08-27,180.61,TUR,3,173.8,CHN,0,10.82
2022-08-27,279.87,ARG,2,277.92,IRI,3,5.75
2022-08-27,214.7,NED,3,166.69,EGY,0,8.29
2022-08-27,184.43,TUN,3,161.88,PUR,0,9.84
2022-08-27,159.92,UKR,0,246.33,SRB,3,6.14
2022-08-28,375.01,FRA,3,264.46,SLO,2,0.01
2022-08-28,386.74,POL,3,171.99,MEX,0,1.52
2022-08-28,185.33,GER,3,145.9,CMR,0,8.81
2022-08-28,337.83,USA,3,159.63,BUL,0,2.41
2022-08-28,341,BRA,3,277.59,JPN,0,7.4
2022-08-28,234.56,CUB,3,157.5,QAT,1,3.83
2022-08-29,191.16,CAN,3,162.98,CHN,0,9.49
2022-08-29,153.78,UKR,3,194.27,TUN,0,13.76
2022-08-29,274.12,ARG,2,223,NED,3,8.77
2022-08-29,252.47,SRB,3,152.04,PUR,0,5.44
2022-08-29,283.67,IRI,3,158.39,EGY,1,1.49
2022-08-29,335.95,ITA,3,191.43,TUR,0,3.53
2022-08-30,270.19,JPN,3,238.39,CUB,1,6.46
2022-08-30,348.4,BRA,3,153.67,QAT,0,1.97
2022-08-30,170.47,MEX,3,157.22,BUL,2,4.79
2022-08-30,388.26,POL,3,340.24,USA,1,5.48
2022-08-30,264.45,SLO,3,194.13,GER,0,7.01
2022-08-30,375.02,FRA,3,137.09,CMR,0,1.1
2022-08-31,167.53,UKR,3,146.61,PUR,1,7.13
2022-08-31,257.91,SRB,3,180.52,TUN,0,6.62
2022-08-31,265.36,ARG,3,156.91,EGY,2,0.01
2022-08-31,339.47,ITA,3,153.48,CHN,0,2.19
2022-08-31,285.15,IRI,1,231.76,NED,3,11.71
2022-08-31,200.65,CAN,0,187.9,TUR,3,12.05
2022-09-03,341.67,ITA,3,231.93,CUB,1,2.18
2022-09-03,271.46,SLO,3,187.12,GER,1,3.44
2022-09-04,393.74,POL,3,173.89,TUN,0,1.42
2022-09-04,334.76,USA,3,199.95,TUR,2,0.01
2022-09-05,376.12,FRA,3,276.64,JPN,2,0.01
2022-09-05,243.47,NED,0,174.66,UKR,3,15.4
2022-09-06,264.53,SRB,0,265.37,ARG,3,11.2
2022-09-06,350.37,BRA,3,273.44,IRI,0,6.65
2022-09-07,343.85,ITA,3,376.13,FRA,2,7.63
2022-09-07,274.9,SLO,3,190.07,UKR,1,3.41
2022-09-08,395.16,POL,3,334.77,USA,2,1.95
2022-09-08,276.57,ARG,1,357.02,BRA,3,3.65
2022-09-10,397.1,POL,3,360.67,BRA,2,3.36
2022-09-10,351.48,ITA,3,278.32,SLO,0,6.85
2022-09-11,400.47,POL,1,358.33,ITA,3,11.04
2022-09-11,357.3,BRA,3,271.46,SLO,1,3.36
2023-05-27,152.8,BEL,3,130.05,CRO,1,1.56
2023-05-27,186.65,UKR,3,102.07,MKD,0,1.39
2023-05-27,138.57,POR,3,134.06,ROU,0,2.44
2023-05-27,79.23,HUN,3,44.56,GEO,0,2.02
2023-05-27,152.46,CZE,3,112.42,SVK,1,1.32
2023-05-27,106.19,EST,0,151.83,FIN,3,1.87
2023-05-27,98.82,DEN,0,199.94,TUR,3,1.2
2023-05-31,153.78,CZE,3,153.7,FIN,2,1.25
2023-05-31,42.54,GEO,0,85.75,AUT,3,1.91
2023-05-31,188.04,UKR,3,128.49,CRO,0,1.69
2023-05-31,100.69,MKD,3,154.36,BEL,1,2.61
2023-05-31,97.62,DEN,3,131.62,ROU,0,2.97
2023-05-31,104.32,EST,3,111.09,SVK,0,2.59
2023-05-31,141.01,POR,2,201.14,TUR,3,0.44
2023-06-03,155.03,CZE,3,106.92,EST,1,1.22
2023-06-03,87.65,AUT,2,81.25,HUN,3,1.34
2023-06-03,100.59,DEN,3,140.57,POR,1,2.43
2023-06-03,103.3,MKD,3,126.8,CRO,2,1.58
2023-06-03,151.76,BEL,0,189.73,UKR,3,1.98
2023-06-04,40.62,FAR,0,89.4,LAT,3,1.83
2023-06-04,201.58,TUR,2,128.65,ROU,3,2.22
2023-06-04,152.45,FIN,3,108.5,SVK,2,0.65
2023-06-06,152.42,BUL,2,151.29,CHN,3,5.06
2023-06-06,276.63,JPN,3,266.79,IRI,0,9.45
2023-06-06,188.61,CAN,3,229.75,CUB,2,7.26
2023-06-06,369.38,ITA,0,272.92,ARG,3,14.99
2023-06-07,360.67,BRA,3,183.68,GER,1,0.01
2023-06-07,389.42,POL,3,368.5,FRA,1,6.34
2023-06-07,268.1,SLO,3,253.34,SRB,1,6.68
2023-06-07,332.83,USA,3,228.07,NED,0,4.65
2023-06-08,287.91,ARG,2,360.68,BRA,3,1.11
2023-06-08,223.42,NED,3,222.49,CUB,0,9.95
2023-06-08,246.66,SRB,3,156.35,CHN,0,5.28
2023-06-08,395.76,POL,3,257.34,IRI,2,0.01
2023-06-08,274.78,SLO,0,147.36,BUL,3,16.26
2023-06-08,354.38,ITA,0,337.47,USA,3,10.94
2023-06-09,286.09,JPN,3,251.94,SRB,1,5.61
2023-06-09,395.77,POL,3,163.62,BUL,2,0.01
2023-06-09,195.87,CAN,1,286.8,ARG,3,2.75
2023-06-09,233.37,NED,3,183.67,GER,0,7.28
2023-06-09,343.44,ITA,3,212.54,CUB,1,1.11
2023-06-09,139.48,PUR,1,128.84,DOM,3,2.02
2023-06-09,151.07,CHN,1,362.16,FRA,3,0.01
2023-06-09,175.26,MEX,3,36.97,GUA,0,0.84
2023-06-10,138.15,POR,3,103.01,DEN,0,2.01
2023-06-10,137.46,PUR,3,36.14,GUA,0,1.2
2023-06-10,257.33,IRI,3,151.06,CHN,1,2.08
2023-06-10,105.7,EST,3,156.24,CZE,0,3.19
2023-06-10,291.7,JPN,3,163.61,BUL,0,3.71
2023-06-10,107.85,SVK,3,153.1,FIN,0,3.12
2023-06-10,82.59,HUN,3,86.32,AUT,0,2.55
2023-06-10,149.78,BEL,3,104.87,MKD,0,1.88
2023-06-10,362.17,FRA,1,258.52,SLO,3,12.81
2023-06-10,176.39,GER,1,344.55,ITA,3,0.01
2023-06-10,130.88,ROU,2,199.35,TUR,3,0.33
2023-06-10,361.79,BRA,2,211.43,CUB,3,12.06
2023-06-10,91.23,LAT,3,38.78,FAR,0,1.78
2023-06-10,193.11,CAN,0,348.41,USA,3,2.79
2023-06-10,176.1,MEX,3,130.87,DOM,0,1.88
2023-06-11,351.2,USA,1,349.73,BRA,3,7.58
2023-06-11,125.22,CRO,0,191.71,UKR,3,1.6
2023-06-11,295.41,JPN,3,349.36,FRA,1,10.44
2023-06-11,128.99,DOM,3,34.94,GUA,0,1.28
2023-06-11,289.56,ARG,3,240.65,NED,2,2.33
2023-06-11,190.33,CAN,1,176.38,GER,3,8.28
2023-06-11,246.33,SRB,3,395.78,POL,0,17.03
2023-06-11,271.32,SLO,3,259.41,IRI,0,9.34
2023-06-11,177.98,MEX,3,138.65,PUR,2,0.71
2023-06-13,55.81,CYP,0,93.02,LAT,3,1.99
2023-06-14,193.31,UKR,3,151.66,BEL,0,1.93
2023-06-14,149.98,FIN,0,153.05,CZE,3,2.46
2023-06-14,123.61,CRO,3,102.99,MKD,2,0.96
2023-06-14,110.98,SVK,2,108.89,EST,3,1.28
2023-06-14,95,LAT,3,53.82,CYP,0,1.93
2023-06-14,83.76,AUT,3,40.63,GEO,0,1.91
2023-06-14,130.55,ROU,3,101,DEN,1,1.47
2023-06-14,199.68,TUR,3,140.16,POR,1,1.07
2023-06-17,200.75,TUR,3,99.53,DEN,1,0.57
2023-06-17,38.72,GEO,0,85.14,HUN,3,1.86
2023-06-17,109.7,SVK,0,155.51,CZE,3,1.87
2023-06-17,147.52,FIN,3,110.17,EST,1,1.36
2023-06-18,124.58,CRO,3,149.74,BEL,1,2.22
2023-06-18,102.03,MKD,0,195.24,UKR,3,1.29
2023-06-18,132.01,ROU,2,139.09,POR,3,1.15
2023-06-20,343.62,USA,3,263.35,SRB,1,3.25
2023-06-20,357.31,BRA,3,159.9,BUL,0,1.69
2023-06-20,238.33,NED,3,148.98,CHN,0,5.33
2023-06-20,291.88,ARG,1,280.66,SLO,3,8.13
2023-06-20,305.85,JPN,3,182.05,CAN,1,1.38
2023-06-20,250.08,IRI,3,184.65,GER,0,6.48
2023-06-21,288.79,SLO,3,180.67,CAN,0,4.5
2023-06-21,283.76,ARG,3,338.92,FRA,1,10.5
2023-06-21,307.23,JPN,3,223.48,CUB,0,5.59
2023-06-21,178.18,GER,2,378.75,POL,3,0.01
2023-06-21,346.87,USA,3,143.65,CHN,0,1.57
2023-06-21,256.55,IRI,0,344.56,ITA,3,5.39
2023-06-22,260.1,SRB,3,178.17,GER,1,3.17
2023-06-22,142.08,CHN,0,349.95,ITA,3,1.48
2023-06-22,176.17,CAN,3,158.2,BUL,1,6.5
2023-06-22,243.66,NED,2,378.76,POL,3,0.01
2023-06-22,293.29,SLO,3,217.9,CUB,1,3.48
2023-06-22,312.82,JPN,3,359.01,BRA,2,7.53
2023-06-23,328.42,FRA,3,214.41,CUB,0,4.26
2023-06-23,294.26,ARG,3,151.7,BUL,0,3.2
2023-06-23,251.16,IRI,0,348.44,USA,3,4.97
2023-06-23,263.27,SRB,0,351.43,ITA,3,5.38
2023-06-24,182.67,CAN,0,332.69,FRA,3,2.96
2023-06-24,85.67,AUT,0,96.94,LAT,3,2.34
2023-06-24,243.65,NED,3,246.19,IRI,2,5.14
2023-06-24,378.77,POL,0,353.41,USA,3,11.41
2023-06-24,201.32,TUR,3,157.38,CZE,2,0.65
2023-06-24,126.8,CRO,1,196.52,UKR,3,0.94
2023-06-24,351.47,BRA,3,296.77,SLO,1,4.52
2023-06-24,320.35,JPN,3,297.46,ARG,2,3.73
2023-06-24,140.6,CHN,3,175,GER,1,9.4
2023-06-25,148.5,BUL,2,210.15,CUB,3,1.67
2023-06-25,356.81,ITA,1,367.37,POL,3,6.91
2023-06-25,248.79,NED,2,257.89,SRB,3,4.49
2023-06-25,356,BRA,3,335.64,FRA,1,6.37
2023-06-25,156.74,CZE,0,125.86,CRO,3,2.93
2023-06-25,201.97,TUR,3,197.46,UKR,2,1.19
2023-06-28,51.89,CYP,3,87.01,HUN,1,2.36
2023-06-28,99.28,LAT,3,83.33,AUT,0,2.28
2023-07-01,84.65,HUN,3,54.25,CYP,1,1.45
2023-07-04,362.37,BRA,1,349.9,ITA,3,8.19
2023-07-04,324.08,JPN,3,150,CHN,2,0.01
2023-07-04,241.05,IRI,0,329.27,FRA,3,0.0
2023-07-04,293.73,ARG,3,262.39,SRB,1,5.77
2023-07-05,179.71,CAN,1,244.29,NED,3,4.02
2023-07-05,374.28,POL,3,292.25,SLO,2,0.67
2023-07-05,165.6,GER,3,146.84,BUL,0,8.96
2023-07-05,364.82,USA,3,211.82,CUB,0,2.86
2023-07-06,299.5,ARG,3,174.55,GER,0,3.83
2023-07-06,86.1,HUN,1,101.56,LAT,3,1.66
2023-07-06,354.17,BRA,3,248.31,NED,0,4.6
2023-07-06,149.99,CHN,1,291.58,SLO,3,0.73
2023-07-06,256.62,SRB,3,208.96,CUB,2,2.39
2023-07-06,137.88,BUL,3,241.05,IRI,2,0.0
2023-07-06,175.7,CAN,2,358.09,ITA,3,0.01
2023-07-07,292.32,SLO,0,358.1,ITA,3,6.46
2023-07-07,259.01,SRB,1,329.27,FRA,3,3.74
2023-07-07,374.95,POL,3,358.77,BRA,1,6.6
2023-07-07,367.68,USA,2,303.33,ARG,3,8.47
2023-07-07,324.09,JPN,3,243.71,NED,1,3.25
2023-07-07,206.57,CUB,0,170.72,GER,3,11.98
2023-07-08,128.77,KOR,3,42.27,THA,0,1.36
2023-07-08,116,AUS,3,66.47,PAK,0,1.82
2023-07-08,311.8,ARG,3,241.05,IRI,2,0.0
2023-07-08,327.33,JPN,1,364.56,ITA,3,5.45
2023-07-08,381.55,POL,3,175.69,CAN,0,1.52
2023-07-08,90.8,TPE,3,38.93,KAZ,1,1.17
2023-07-08,137.88,BUL,0,255.28,SRB,3,4.13
2023-07-08,359.21,USA,3,333.01,FRA,0,8.55
2023-07-08,352.17,BRA,3,149.26,CHN,0,1.58
2023-07-09,57,VIE,1,117.82,AUS,3,1.05
2023-07-09,147.68,CHN,1,174.17,CAN,3,6.03
2023-07-09,103.22,LAT,3,84.44,HUN,0,2.24
2023-07-09,53.73,KSA,0,130.13,KOR,3,1.48
2023-07-09,324.46,FRA,3,182.7,GER,1,0.73
2023-07-09,321.88,JPN,0,383.06,POL,3,6.69
2023-07-09,194.59,CUB,3,241.05,IRI,2,0.0
2023-07-09,285.86,SLO,3,240.47,NED,0,7.51
2023-07-09,367.75,USA,3,133.75,BUL,0,1.04
2023-07-10,64.65,PAK,0,55.95,VIE,3,2.62
2023-07-12,118.87,AUS,3,51.84,MAC,0,1.6
2023-07-12,131.61,KOR,3,51.35,MGL,0,1.44
2023-07-12,91.97,TPE,1,58.57,VIE,3,2.34
2023-07-13,28.09,BRN,3,120.47,AUS,1,3.08
2023-07-14,133.05,KOR,0,31.16,BRN,3,3.81
2023-07-14,89.63,TPE,0,37.84,KAZ,3,3.21
2023-07-15,58.83,VIE,1,129.24,KOR,3,0.93
2023-07-15,86.43,TPE,3,52.11,PHI,1,1.4
2023-07-15,42.57,INA,1,117.39,AUS,3,0.88
2023-07-19,368.79,USA,3,325.19,FRA,2,2.61
2023-07-19,370.01,ITA,3,311.8,ARG,0,6.84
2023-07-20,315.19,JPN,3,293.37,SLO,0,8.79
2023-07-20,389.75,POL,3,353.75,BRA,0,8.01
2023-07-22,323.98,JPN,1,397.77,POL,3,3.56
2023-07-22,371.4,USA,3,376.85,ITA,0,10.3
2023-07-23,401.33,POL,3,381.7,USA,1,6.41
2023-07-23,320.42,JPN,3,366.55,ITA,2,7.53
2023-07-28,151.7,QAT,3,50.99,THA,0,2.41
2023-07-28,172.48,TUN,0,143.77,CHI,3,5.8
2023-07-28,203.16,TUR,3,130.26,DOM,1,1.8
2023-07-28,196.28,UKR,3,141.65,CHN,1,2.26
2023-07-29,154.11,QAT,3,149.57,CHI,0,4.87
2023-07-29,204.96,TUR,3,198.54,UKR,2,2.32
2023-07-30,158.98,QAT,2,207.28,TUR,3,1.18
2023-07-30,144.69,CHI,0,196.22,UKR,3,3.59
2023-08-15,194.59,CUB,0,70.5,COL,3,0.0
2023-08-15,345.73,BRA,3,128.46,DOM,0,0.0
2023-08-15,375.29,USA,3,137.94,PUR,0,0.0
2023-08-15,178.68,MEX,3,43.4,PER,2,0.01
2023-08-16,180.2,CAN,0,345.73,BRA,3,0.0
2023-08-16,43.39,PER,3,194.59,CUB,0,0.0
2023-08-16,141.1,CHI,1,375.29,USA,3,0.0
2023-08-16,70.5,COL,0,178.69,MEX,3,1.12
2023-08-17,179.82,MEX,3,194.59,CUB,1,0.0
2023-08-17,69.38,COL,3,43.39,PER,0,2.14
2023-08-17,137.94,PUR,0,141.1,CHI,3,2.46
2023-08-17,128.46,DOM,1,180.2,CAN,3,0.0
2023-08-18,375.29,USA,0,180.2,CAN,3,0.0
2023-08-18,71.51,COL,2,143.56,CHI,3,0.29
2023-08-18,128.46,DOM,0,194.59,CUB,3,0.0
2023-08-18,41.25,PER,3,135.49,PUR,2,2.48
2023-08-19,179.82,MEX,1,180.2,CAN,3,0.0
2023-08-19,345.73,BRA,3,143.84,CHI,0,0.0
2023-08-19,43.72,PER,3,194.59,CUB,2,0.0
2023-08-19,41.69,INA,2,139.39,CHN,3,0.01
2023-08-19,327.95,JPN,3,48.58,THA,0,0.44
2023-08-19,157.8,QAT,3,35.5,IND,0,3.42
2023-08-19,133.01,PUR,3,128.46,DOM,1,1.81
2023-08-19,57,BAN,0,130.17,KOR,3,5.31
2023-08-19,87.83,TPE,3,48.57,MGL,0,6.85
2023-08-20,62.02,PAK,3,51.69,BAN,0,8.24
2023-08-20,32.66,BRN,2,94.67,TPE,3,1.43
2023-08-20,71.23,COL,0,375.29,USA,3,0.0
2023-08-20,143.84,CHI,3,179.82,MEX,0,3.0
2023-08-20,241.05,IRI,3,34.05,HKG,0,1.28
2023-08-20,345.73,BRA,1,180.2,CAN,3,0.0
2023-08-20,50,AFG,0,161.22,QAT,3,3.8
2023-08-20,32.99,UZB,0,328.39,JPN,3,0.34
2023-08-21,135.48,KOR,3,70.27,PAK,1,3.47
2023-08-21,53.78,IRQ,1,242.34,IRI,3,0.01
2023-08-21,139.4,CHN,3,37.03,KAZ,2,0.01
2023-08-23,139.41,CHN,3,39.33,IND,2,0.01
2023-08-23,328.73,JPN,3,40.5,BRN,0,0.38
2023-08-23,165.02,QAT,3,56.13,THA,0,3.89
2023-08-23,242.35,IRI,3,66.8,PAK,0,1.91
2023-08-23,96.1,TPE,3,53.77,IRQ,0,6.7
2023-08-23,138.95,KOR,3,48.34,INA,2,0.21
2023-08-24,102.8,TPE,0,168.91,QAT,3,5.62
2023-08-24,139.42,CHN,3,139.17,KOR,1,6.55
2023-08-25,132.62,KOR,3,97.18,TPE,1,4.84
2023-08-25,329.11,JPN,3,174.53,QAT,1,0.25
2023-08-25,64.89,PAK,3,56.45,INA,2,3.96
2023-08-25,244.26,IRI,3,145.97,CHN,0,4.29
2023-08-26,141.68,CHN,0,174.28,QAT,3,7.16
2023-08-26,304.96,ARG,3,71.23,COL,0,0.89
2023-08-26,68.85,PAK,3,45.4,BRN,1,5.42
2023-08-26,345.73,BRA,3,43.72,PER,0,0.3
2023-08-26,248.54,IRI,0,329.35,JPN,3,4.99
2023-08-27,43.42,PER,1,70.34,COL,3,5.25
2023-08-27,346.04,BRA,3,146.84,CHI,0,1.42
2023-08-28,145.42,CHI,0,305.84,ARG,3,2.28
2023-08-28,75.59,COL,0,347.46,BRA,3,0.5
2023-08-28,147.51,BEL,0,359.02,ITA,3,1.21
2023-08-29,126.98,ESP,3,132.72,BUL,1,6.84
2023-08-29,75.09,COL,3,143.14,CHI,2,7.59
2023-08-29,38.17,PER,1,308.12,ARG,3,0.01
2023-08-29,126.85,GRE,2,43.82,ISR,3,8.23
2023-08-30,130.86,ROU,0,140.24,POR,3,8.29
2023-08-30,148.88,FIN,3,128.79,CRO,0,7.77
2023-08-30,100.74,MKD,3,98.96,DEN,1,6.48
2023-08-30,347.96,BRA,0,308.13,ARG,3,10.68
2023-08-30,208.46,TUR,0,322.58,FRA,3,3.7
2023-08-30,124.63,SUI,0,259.4,SRB,3,3.01
2023-08-30,135.55,CHI,3,38.16,PER,1,2.13
2023-08-30,284.58,SLO,3,199.81,UKR,1,2.64
2023-08-30,181.97,GER,3,108.81,EST,0,5.31
2023-08-31,103.5,EST,0,360.23,ITA,3,0.63
2023-08-31,111.63,MNE,0,232.96,NED,3,3.45
2023-08-31,197.18,UKR,2,121.02,CRO,3,7.94
2023-08-31,407.74,POL,3,153.81,CZE,0,0.66
2023-08-31,326.28,FRA,3,148.53,POR,1,0.01
2023-08-31,262.41,SRB,3,146.3,BEL,1,1.44
2023-08-31,122.57,ROU,2,52.05,ISR,3,7.7
2023-08-31,156.65,FIN,1,125.87,BUL,3,8.06
2023-09-01,92.48,DEN,1,153.15,CZE,3,3.67
2023-09-01,236.41,NED,1,408.4,POL,3,0.01
2023-09-01,187.28,GER,3,121.62,SUI,0,5.64
2023-09-01,263.85,SRB,0,360.86,ITA,3,4.34
2023-09-01,128.96,CRO,3,133.82,ESP,0,8.99
2023-09-01,148.52,POR,2,118.62,GRE,3,5.83
2023-09-01,148.59,FIN,0,287.22,SLO,3,2.89
2023-09-01,114.87,ROU,3,204.76,TUR,2,8.51
2023-09-02,107.21,MKD,3,108.19,MNE,0,8.8
2023-09-02,133.94,BUL,3,189.24,UKR,1,9.21
2023-09-02,290.11,SLO,3,124.83,ESP,0,2.15
2023-09-02,196.25,TUR,3,124.45,GRE,1,3.18
2023-09-02,59.75,ISR,0,326.29,FRA,3,0.54
2023-09-02,236.4,NED,3,156.82,CZE,0,5.04
2023-09-03,144.86,BEL,2,192.92,GER,3,2.06
2023-09-03,143.15,BUL,1,137.95,CRO,3,6.82
2023-09-03,156.9,EGY,3,25.37,BDI,0,3.11
2023-09-03,59.21,ISR,0,142.69,POR,3,4.88
2023-09-03,122.68,ESP,3,145.7,FIN,1,7.69
2023-09-03,88.81,DEN,1,99.39,MNE,3,6.04
2023-09-03,121.27,GRE,1,123.38,ROU,3,6.46
2023-09-03,408.41,POL,3,116.01,MKD,0,0.36
2023-09-03,102.87,EST,3,115.98,SUI,2,5.02
2023-09-04,365.19,ITA,3,110.96,SUI,0,0.66
2023-09-04,57,LBA,3,43.22,GHA,1,5.89
2023-09-04,180.03,UKR,3,138.01,FIN,2,2.34
2023-09-04,326.83,FRA,1,129.84,ROU,3,13.85
2023-09-04,259.52,SRB,3,107.88,EST,0,2.51
2023-09-04,144.77,CRO,0,292.27,SLO,3,2.63
2023-09-04,166.68,TUN,3,48.11,MLI,0,3.54
2023-09-04,82.77,DEN,1,241.44,NED,3,0.14
2023-09-04,151.78,CZE,3,105.43,MNE,0,6.51
2023-09-04,38.7,KEN,1,135.99,CMR,3,2.14
2023-09-04,147.57,POR,3,199.43,TUR,2,6.87
2023-09-05,37.33,GHA,0,138.12,CMR,3,4.19
2023-09-05,408.76,POL,3,82.63,DEN,0,0.2
2023-09-05,194.98,GER,1,262.03,SRB,3,3.39
2023-09-05,130.36,ESP,0,182.37,UKR,3,6.25
2023-09-05,22.26,BDI,0,33.63,ALG,3,8.19
2023-09-05,375.29,USA,3,27.99,SUR,0,0.13
2023-09-05,194.59,CUB,3,134.82,PUR,0,5.9
2023-09-05,180.2,CAN,3,126.65,DOM,0,6.18
2023-09-05,142.8,BEL,3,105.37,EST,1,4.75
2023-09-05,114.81,GRE,0,312.98,FRA,3,1.44
2023-09-05,62.89,LBA,3,36.56,KEN,0,7.47
2023-09-05,170.22,TUN,3,38.03,CHA,0,3.09
2023-09-05,192.57,TUR,3,54.33,ISR,0,2.9
2023-09-05,294.9,SLO,3,136.33,BUL,0,2.33
2023-09-05,115.66,MKD,0,241.57,NED,3,3.3
2023-09-06,10.28,TAN,0,173.32,TUN,3,2.21
2023-09-06,110.3,SUI,0,147.55,BEL,3,6.94
2023-09-06,128.92,PUR,0,375.42,USA,3,0.74
2023-09-06,186.38,CAN,3,176.82,MEX,0,8.28
2023-09-06,27.85,SUR,0,200.49,CUB,3,1.98
2023-09-06,98.92,MNE,0,408.96,POL,3,0.26
2023-09-06,112.36,MKD,0,158.3,CZE,3,6.53
2023-09-06,142.31,CMR,1,70.35,LBA,3,9.95
2023-09-06,41.83,ALG,3,160.01,EGY,0,13.94
2023-09-06,191.59,GER,2,365.85,ITA,3,0.01
2023-09-07,25.88,SUR,0,128.19,PUR,3,4.13
2023-09-07,376.16,USA,3,202.47,CUB,2,0.01
2023-09-07,120.47,DOM,3,168.54,MEX,0,11.07
2023-09-08,132.37,CMR,3,14.06,BDI,0,3.55
2023-09-08,202.46,CUB,3,157.47,MEX,0,6.58
2023-09-08,142.14,CRO,2,143.69,ROU,3,4.3
2023-09-08,131.53,DOM,3,132.32,PUR,0,8.79
2023-09-08,146.07,EGY,3,33.67,KEN,0,3.76
2023-09-08,175.53,TUN,3,28.48,SEN,0,2.64
2023-09-08,55.77,ALG,3,28.57,GHA,0,7.42
2023-09-08,314.43,FRA,3,134,BUL,0,1.8
2023-09-09,80.3,LBA,3,50.08,CHA,0,7.28
2023-09-09,376.17,USA,3,140.32,DOM,0,0.86
2023-09-09,244.87,NED,3,191.58,GER,2,1.82
2023-09-09,63.19,ALG,3,40.33,RWA,0,7.63
2023-09-09,365.86,ITA,3,105.83,MKD,0,0.6
2023-09-09,297.22,SLO,3,195.47,TUR,2,0.01
2023-09-09,150.9,MEX,3,123.53,PUR,1,5.23
2023-09-09,92.44,MAR,0,149.83,EGY,3,6.01
2023-09-09,154.43,POR,0,188.62,UKR,3,7.09
2023-09-09,194.66,CAN,3,209.03,CUB,2,5.08
2023-09-09,178.17,TUN,1,135.92,CMR,3,8.61
2023-09-10,203.96,CUB,3,139.46,DOM,0,5.69
2023-09-10,409.22,POL,3,154.49,BEL,1,0.01
2023-09-10,265.42,SRB,3,164.83,CZE,0,4.2
2023-09-10,199.74,CAN,0,377.03,USA,3,1.87
2023-09-10,118.3,PUR,3,21.75,SUR,1,2.17
2023-09-11,297.23,SLO,3,195.71,UKR,1,1.97
2023-09-11,86.43,MAR,0,169.56,TUN,3,4.89
2023-09-11,155.84,EGY,3,144.53,CMR,1,6.01
2023-09-11,70.82,ALG,3,87.58,LBA,2,5.2
2023-09-11,316.23,FRA,3,147.99,ROU,0,2.08
2023-09-12,41.94,RWA,0,174.45,TUN,3,3.08
2023-09-12,366.46,ITA,3,246.69,NED,2,0.01
2023-09-12,409.23,POL,3,269.62,SRB,1,0.67
2023-09-13,76.02,ALG,1,161.85,EGY,3,2.59
2023-09-13,82.38,LBA,3,138.52,CMR,1,9.25
2023-09-14,366.47,ITA,3,318.31,FRA,0,6.43
2023-09-14,409.9,POL,3,299.21,SLO,1,1.63
2023-09-16,311.88,FRA,2,297.57,SLO,3,5.08
2023-09-16,372.9,ITA,0,411.54,POL,3,6.88
2023-09-19,378.9,USA,3,133.77,DOM,0,0.0
2023-09-19,197.87,CAN,3,120.47,PUR,1,0.0
2023-09-19,209.65,CUB,2,156.12,MEX,3,0.0
2023-09-20,197.87,CAN,3,133.77,DOM,1,0.0
2023-09-20,378.9,USA,3,156.12,MEX,0,0.0
2023-09-20,209.65,CUB,3,120.47,PUR,1,0.0
2023-09-21,197.87,CAN,3,209.65,CUB,1,0.0
2023-09-21,133.77,DOM,0,156.12,MEX,3,2.19
2023-09-21,378.9,USA,3,120.47,PUR,0,0.0
2023-09-22,158.31,MEX,1,120.47,PUR,3,2.4
2023-09-22,131.58,DOM,0,209.65,CUB,3,0.0
2023-09-22,197.87,CAN,1,378.9,USA,3,0.0
2023-09-23,378.9,USA,3,209.65,CUB,0,0.0
2023-09-23,122.87,PUR,3,131.58,DOM,2,1.37
2023-09-23,197.87,CAN,2,155.92,MEX,3,0.0
2023-09-24,155.92,MEX,3,209.65,CUB,0,0.0
2023-09-24,378.9,USA,3,197.87,CAN,0,0.0
2023-09-24,124.24,PUR,3,130.21,DOM,2,1.33
2023-09-30,366.02,ITA,3,160.63,CZE,1,0.01
2023-09-30,378.9,USA,3,164.44,EGY,0,1.19
2023-09-30,337.28,BRA,3,181.45,QAT,0,2.43
2023-09-30,418.42,POL,3,154.48,BEL,2,0.01
2023-09-30,334.34,JPN,3,135.67,FIN,2,0.01
2023-09-30,134.52,CHN,0,132.2,BUL,3,8.86
2023-09-30,302.65,SLO,3,177.54,TUN,0,3.35
2023-09-30,243.55,IRI,1,189.76,GER,3,9.13
2023-09-30,268.94,SRB,1,195.46,TUR,3,10.0
2023-09-30,318.81,ARG,3,155.92,MEX,0,2.24
2023-09-30,209.65,CUB,3,193.73,UKR,0,7.98
2023-09-30,246.68,NED,2,197.87,CAN,3,6.71
2023-10-01,217.62,CUB,1,198.89,GER,3,7.47
2023-10-01,234.43,IRI,0,185.76,UKR,3,11.08
2023-10-01,334.35,JPN,2,163.25,EGY,3,11.09
2023-10-01,339.7,BRA,3,160.62,CZE,2,0.01
2023-10-01,418.43,POL,3,141.06,BUL,0,0.47
2023-10-01,380.09,USA,3,135.66,FIN,0,0.78
2023-10-01,125.65,CHN,1,154.47,BEL,3,5.17
2023-10-01,321.05,ARG,1,204.58,CAN,3,11.67
2023-10-01,258.95,SRB,3,174.19,TUN,0,4.85
2023-10-01,306,SLO,3,205.46,TUR,0,4.22
2023-10-01,366.03,ITA,3,179.02,QAT,0,1.69
2023-10-01,239.97,NED,3,153.67,MEX,0,4.78
2023-10-03,323.27,JPN,3,169.34,TUN,0,2.48
2023-10-03,210.15,CUB,3,160.61,CZE,0,6.38
2023-10-03,380.87,USA,3,201.23,TUR,1,0.01
2023-10-03,120.49,CHN,3,148.89,MEX,0,10.13
2023-10-03,309.38,ARG,3,140.59,BUL,0,2.1
2023-10-03,339.71,BRA,1,206.36,GER,3,12.23
2023-10-03,418.9,POL,3,216.25,CAN,2,0.01
2023-10-03,263.8,SRB,3,174.34,EGY,1,2.47
2023-10-03,310.22,SLO,3,134.88,FIN,1,0.01
2023-10-03,223.35,IRI,3,177.34,QAT,1,4.36
2023-10-03,244.75,NED,0,159.64,BEL,3,12.67
2023-10-03,367.72,ITA,3,196.84,UKR,0,2.04
2023-10-04,369.76,ITA,1,218.59,GER,3,12.76
2023-10-04,311.48,ARG,3,172.3,BEL,2,0.01
2023-10-04,310.23,SLO,3,171.87,EGY,1,0.74
2023-10-04,227.7,IRI,1,154.23,CZE,3,9.99
2023-10-04,266.26,SRB,3,134.87,FIN,0,3.14
2023-10-04,216.53,CUB,3,172.98,QAT,0,6.66
2023-10-04,232.08,NED,0,138.5,BUL,3,13.01
2023-10-04,325.74,JPN,3,201.22,TUR,0,3.37
2023-10-04,130.62,CHN,0,216.24,CAN,3,4.81
2023-10-04,327.48,BRA,3,194.79,UKR,2,0.01
2023-10-04,418.91,POL,3,138.76,MEX,0,0.45
2023-10-04,380.88,USA,3,166.86,TUN,0,1.19
2023-10-06,419.36,POL,3,311.49,ARG,1,1.76
2023-10-06,165.67,TUN,2,171.13,EGY,3,4.11
2023-10-06,221.05,CAN,3,151.51,BUL,0,5.49
2023-10-06,382.07,USA,3,310.97,SLO,1,3.23
2023-10-06,197.86,TUR,3,131.72,FIN,2,1.26
2023-10-06,357.01,ITA,3,217.71,IRI,0,2.9
2023-10-06,231.35,GER,3,164.23,CZE,0,5.59
2023-10-06,329.11,JPN,3,269.41,SRB,0,5.92
2023-10-06,194.78,UKR,3,166.32,QAT,1,5.18
2023-10-06,138.31,MEX,0,172.29,BEL,3,7.11
2023-10-06,125.81,CHN,2,219.08,NED,3,0.13
2023-10-06,327.49,BRA,3,223.18,CUB,1,1.89
2023-10-07,199.12,TUR,3,175.24,EGY,1,5.4
2023-10-07,236.94,GER,3,161.14,QAT,0,5.22
2023-10-07,199.97,UKR,3,158.63,CZE,1,4.57
2023-10-07,125.68,CHN,2,309.73,ARG,3,0.01
2023-10-07,385.3,USA,3,263.49,SRB,0,3.46
2023-10-07,335.03,JPN,3,307.74,SLO,0,7.43
2023-10-07,131.21,MEX,0,146.02,BUL,3,8.03
2023-10-07,359.9,ITA,1,221.29,CUB,3,12.39
2023-10-07,421.12,POL,3,219.21,NED,1,0.01
2023-10-07,161.56,TUN,0,130.46,FIN,3,10.26
2023-10-07,329.39,BRA,3,214.81,IRI,0,3.71
2023-10-07,226.54,CAN,1,179.4,BEL,3,8.82
2023-10-08,217.72,CAN,3,123.18,MEX,0,4.45
2023-10-08,211.1,IRI,2,233.68,CUB,3,3.28
2023-10-08,204.54,UKR,0,242.16,GER,3,6.94
2023-10-08,309.74,ARG,3,219.2,NED,0,4.61
2023-10-08,300.31,SLO,3,260.03,SRB,0,6.81
2023-10-08,342.46,JPN,2,388.76,USA,3,2.15
2023-10-08,188.22,BEL,2,154.05,BUL,3,6.03
2023-10-08,169.84,EGY,2,140.72,FIN,3,5.79
2023-10-08,154.06,CZE,3,155.92,QAT,1,6.65
2023-10-08,333.1,BRA,3,347.51,ITA,2,5.08
2023-10-08,204.52,TUR,3,151.31,TUN,0,6.21
2023-10-08,125.67,CHN,2,421.13,POL,3,0.01
