Date,Home_ranking,Home_team,Home_result,Away_ranking,Away_team,Away_result,Result,Increment,Venue,Weight,Category,new_increment,HFA
2021-01-11,107.85,MKD,3,91.5,BIH,1,1,2.88,MKD,1.75,1,-2.883128584319824,1
2021-01-12,104.6,ISR,0,99.0,AUT,3,5,4.51,ISR,1.75,1,4.511625806176003,1
2021-01-12,88.62,BIH,0,136.05,TUR,3,5,3.23,MKD,1.75,1,3.238702782803704,0
2021-01-13,115.05,MKD,1,139.28,TUR,3,4,2.69,MKD,1.75,1,-2.6928051973356717,1
2021-01-13,103.52,AUT,1,192.96,BUL,3,4,1.22,ISR,1.75,1,1.2345703999098667,0
2021-01-14,112.36,MKD,3,90.22,BIH,0,0,3.83,MKD,1.75,1,3.836882871322125,1
2021-01-14,100.09,ISR,0,194.19,BUL,3,5,2.22,ISR,1.75,1,-2.235986461113962,1
2021-01-15,97.86,ISR,3,102.29,AUT,2,2,2.3,ISR,1.75,1,2.295591263678286,1
2021-01-15,145.31,TUR,3,86.39,BIH,0,0,2.97,MKD,1.75,1,-2.977346498517884,0
2021-01-16,196.41,BUL,3,100.0,AUT,0,0,2.18,ISR,1.75,1,-2.1909443543564087,0
2021-01-16,120.08,MKD,3,148.28,TUR,1,1,3.97,MKD,1.75,1,-3.9649368272786663,1
2021-01-17,100.16,ISR,0,198.59,BUL,3,5,2.14,ISR,1.75,1,2.151959575486119,1
2021-05-06,118.56,SVK,3,108.0,SUI,0,0,4.12,SVK,1.75,1,-4.117533471130065,1
2021-05-06,114.0,ROU,3,93.32,ALB,0,0,3.87,SVK,1.75,1,-3.872109270869231,0
2021-05-07,93.34,HUN,3,106.84,NOR,1,1,3.61,HUN,1.75,1,-3.610205182895948,1
2021-05-07,101.32,AZE,1,114.6,MNE,3,4,2.96,GEO,1.75,1,2.9576398149444287,0
2021-05-07,105.6,BLR,2,105.84,POR,3,3,2.18,HUN,1.75,1,2.1816430918768064,0
2021-05-07,103.88,SUI,3,89.45,ALB,0,0,4.02,SVK,1.75,1,-4.023458909086568,0
2021-05-07,85.56,GEO,0,112.31,GRE,3,5,3.72,GEO,1.75,1,3.726041925329833,1
2021-05-07,105.62,CRO,1,168.78,NED,3,4,1.78,CRO,1.75,1,1.7892534191677516,1
2021-05-07,122.68,SVK,3,117.87,ROU,1,1,3.16,SVK,1.75,1,-3.1638902082406117,1
2021-05-08,96.96,HUN,0,103.42,BLR,3,5,4.22,HUN,1.75,1,-4.21740589345677,1
2021-05-08,170.56,NED,3,108.19,SWE,0,0,2.89,CRO,1.75,1,-2.900489361760294,0
2021-05-08,81.84,GEO,0,98.37,AZE,3,5,3.97,GEO,1.75,1,-3.972515266476853,1
2021-05-08,108.03,POR,3,103.23,NOR,0,0,4.26,HUN,1.75,1,-4.257884106391871,0
2021-05-08,107.9,SUI,3,114.7,ROU,1,1,3.45,SVK,1.75,1,-3.4471323476900384,0
2021-05-08,125.84,SVK,3,85.43,ALB,1,1,2.3,SVK,1.75,1,2.308249959158025,1
2021-05-08,117.56,MNE,2,116.03,GRE,3,3,2.23,GEO,1.75,1,2.2248370839674734,0
2021-05-09,98.97,NOR,0,107.64,BLR,3,5,4.16,HUN,1.75,1,4.163550598903964,0
2021-05-09,77.87,GEO,0,115.33,MNE,3,5,3.47,GEO,1.75,1,-3.4713332775200123,1
2021-05-09,92.74,HUN,0,112.28,POR,3,5,3.9,HUN,1.75,1,-3.899651721898233,1
2021-05-09,103.84,CRO,3,105.3,SWE,1,1,3.32,CRO,1.75,1,3.3168789130620397,1
2021-05-09,118.25,GRE,3,102.34,AZE,0,0,3.99,GEO,1.75,1,-3.987547141486063,0
2021-05-14,173.45,NED,3,101.98,SWE,1,1,1.6,NED,1.75,1,1.6080117098036697,1
2021-05-14,116.18,POR,3,111.8,BLR,1,1,3.17,POR,1.75,1,-3.1743783385816493,1
2021-05-14,128.14,SVK,3,111.35,SUI,1,1,2.87,ROU,1.75,1,-2.8724638354692447,0
2021-05-14,74.4,GEO,0,122.24,GRE,3,5,3.22,MNE,1.75,1,3.229244654447597,0
2021-05-14,94.81,NOR,3,88.84,HUN,1,1,3.13,POR,1.75,1,-3.135602288948288,0
2021-05-14,111.26,ROU,3,83.13,ALB,1,1,2.6,ROU,1.75,1,2.5992381444070367,1
2021-05-14,118.8,MNE,3,98.35,AZE,1,1,2.78,MNE,1.75,1,-2.783913544151445,1
2021-05-15,125.46,GRE,3,95.57,AZE,0,0,3.65,MNE,1.75,1,-3.650925262601365,0
2021-05-15,107.16,CRO,3,100.38,SWE,2,2,2.02,NED,1.75,1,-2.0221051700414625,0
2021-05-15,119.35,POR,3,97.94,NOR,0,0,3.85,POR,1.75,1,3.854489241234611,1
2021-05-15,121.58,MNE,3,71.18,GEO,0,0,3.16,MNE,1.75,1,3.1703995241290284,1
2021-05-15,85.71,HUN,1,108.62,BLR,3,4,2.72,POR,1.75,1,2.724577072978797,0
2021-05-15,80.53,ALB,1,131.01,SVK,3,4,2.07,ROU,1.75,1,2.0748165682750037,0
2021-05-15,113.85,ROU,2,108.48,SUI,3,3,2.32,ROU,1.75,1,2.318517123435596,1
2021-05-16,123.21,POR,3,82.99,HUN,0,0,3.4,POR,1.75,1,3.4064534792622485,1
2021-05-16,124.74,MNE,3,129.11,GRE,0,0,4.48,MNE,1.75,1,4.481627739370521,1
2021-05-16,111.35,BLR,3,94.09,NOR,0,0,3.95,POR,1.75,1,-3.954826265430941,0
2021-05-16,175.05,NED,2,109.18,CRO,3,3,3.75,NED,1.75,1,3.739149747958061,1
2021-05-16,110.8,SUI,3,78.47,ALB,1,1,2.49,ROU,1.75,1,-2.499043445456163,0
2021-05-16,91.92,AZE,3,68.02,GEO,0,0,3.79,MNE,1.75,1,-3.794493547324313,0
2021-05-16,111.53,ROU,3,133.08,SVK,1,1,3.81,ROU,1.75,1,-3.805138395493589,1
2021-05-21,55.68,CYP,0,124.05,MKD,3,5,1.58,BEL,1.0,0,1.5821624475765084,0
2021-05-21,112.93,CRO,3,99.58,LUX,1,1,1.69,BEL,1.0,0,-1.6891080280737762,0
2021-05-21,87.54,DEN,3,98.02,ISR,2,2,1.4,BEL,1.0,0,-1.3960111887552462,0
2021-05-21,97.82,AUT,2,79.59,HUN,3,3,1.5,BEL,1.0,0,1.5035206351965122,0
2021-05-22,114.62,CRO,3,96.31,AUT,2,2,1.0,BEL,1.0,0,-0.9953729657574026,0
2021-05-22,81.09,HUN,3,97.89,LUX,0,0,2.73,BEL,1.0,0,-2.733730571505566,0
2021-05-22,96.62,ISR,1,125.63,MKD,3,4,1.47,BEL,1.0,0,1.4732533639333585,0
2021-05-22,88.93,DEN,3,54.1,CYP,0,0,2.02,BEL,1.0,0,-2.019124413103099,0
2021-05-23,95.15,ISR,3,52.08,CYP,2,2,0.66,BEL,1.0,0,-0.6584753907131727,0
2021-05-23,83.82,HUN,3,115.61,CRO,1,1,2.32,BEL,1.0,0,-2.3146344604661504,0
2021-05-23,95.16,LUX,0,95.32,AUT,3,5,2.5,BEL,1.0,0,2.497768796314746,0
2021-05-23,127.1,MKD,0,90.95,DEN,3,5,3.0,BEL,1.0,0,2.99871670702043,0
2021-05-27,97.82,AUT,0,86.14,HUN,3,5,2.66,BEL,1.0,0,2.662694261098937,0
2021-05-27,113.3,CRO,3,92.66,LUX,0,0,2.21,BEL,1.0,0,-2.213185792961472,0
2021-05-28,95.81,ISR,0,51.42,CYP,3,5,3.11,BEL,1.0,0,3.109079377137629,0
2021-05-28,155.34,GER,3,173.51,AUS,0,0,11.01,ITA,4.0,4,-11.010763133366527,0
2021-05-28,163.74,BEL,3,117.44,LAT,1,1,1.24,BEL,1.0,0,1.240609878971554,1
2021-05-28,124.1,MKD,3,93.95,DEN,0,0,2.08,BEL,1.0,0,-2.082697469829929,0
2021-05-28,114.21,CZE,1,144.32,TUR,3,4,1.46,BEL,1.0,0,1.4582428476862777,0
2021-05-28,88.8,HUN,0,115.51,CRO,3,5,2.13,BEL,1.0,0,2.1297148137234583,0
2021-05-28,92.94,EST,3,127.89,ESP,0,0,2.98,BEL,1.0,0,-2.982499211397297,0
2021-05-29,126.61,POR,0,145.77,TUR,3,5,2.23,BEL,1.0,0,2.233622511071718,0
2021-05-29,164.98,BEL,3,124.91,ESP,1,1,1.32,BEL,1.0,0,1.323554633433224,1
2021-05-29,162.5,AUS,0,195.44,BUL,3,5,8.18,ITA,4.0,4,8.178960742955116,0
2021-05-29,86.67,HUN,3,90.45,LUX,0,0,2.55,BEL,1.0,0,-2.5527059676540307,0
2021-05-29,115.3,BLR,3,112.75,CZE,1,1,1.84,BEL,1.0,0,-1.839442096665581,0
2021-05-29,91.87,DEN,3,54.53,CYP,0,0,1.98,BEL,1.0,0,-1.985235352549775,0
2021-05-29,95.93,EST,3,116.2,LAT,0,0,2.78,BEL,1.0,0,-2.7817078446752386,0
2021-05-29,92.7,ISR,1,126.19,MKD,3,4,1.41,BEL,1.0,0,1.412277498326986,0
2021-05-29,117.64,CRO,2,95.15,AUT,3,3,1.56,BEL,1.0,0,1.5623163206401025,0
2021-05-30,52.55,CYP,1,127.6,MKD,3,4,0.87,BEL,1.0,0,0.8751550128836012,0
2021-05-30,123.59,ESP,3,113.42,LAT,1,1,1.73,BEL,1.0,0,-1.7333003457259428,0
2021-05-30,154.32,AUS,1,296.09,FRA,3,4,0.73,ITA,4.0,4,0.7271155909572303,0
2021-05-30,110.92,CZE,2,124.37,POR,3,3,1.06,BEL,1.0,0,1.0627197260670267,0
2021-05-30,87.89,LUX,3,96.72,AUT,0,0,2.62,BEL,1.0,0,-2.6230551974791783,0
2021-05-30,166.3,BEL,2,98.71,EST,3,3,2.16,BEL,1.0,0,2.158137042435433,1
2021-05-30,93.85,DEN,0,91.29,ISR,3,5,2.54,BEL,1.0,0,2.535697331001605,0
2021-05-30,148.01,TUR,3,117.14,BLR,0,0,2.07,BEL,1.0,0,-2.072886287024659,0
2021-05-31,115.06,BLR,3,125.44,POR,2,2,1.39,BEL,1.0,0,-1.3946204461543976,0
2021-06-01,139.67,UKR,3,115.34,ROU,1,1,1.54,BEL,1.0,0,-1.537371575124176,0
2021-06-02,113.8,ROU,2,129.27,SVK,3,3,1.03,BEL,1.0,0,1.0346968033319353,0
2021-06-03,130.31,SVK,0,141.21,UKR,3,5,2.35,BEL,1.0,0,2.348148490286708,0
2021-06-03,153.59,AUS,0,374.96,POL,3,5,1.23,ITA,4.0,4,1.2336683175615648,0
2021-06-04,324.88,RUS,3,152.36,AUS,0,0,2.29,ITA,4.0,4,-2.2922108027835164,0
2021-06-04,112.77,ROU,1,143.56,UKR,3,4,1.45,BEL,1.0,0,1.4489758889942606,0
2021-06-04,109.85,CZE,3,124.04,POR,0,0,2.7,BEL,1.0,0,-2.697550783231081,0
2021-06-04,150.08,TUR,3,116.46,BLR,0,0,2.04,BEL,1.0,0,-2.0355145820969884,0
2021-06-04,255.09,CAN,3,195.01,BUL,0,0,6.75,ITA,4.0,4,-6.746093937865839,0
2021-06-04,164.14,BEL,3,111.69,LAT,1,1,1.16,BEL,1.0,0,1.159883975346892,1
2021-06-04,100.87,EST,3,125.32,ESP,1,1,2.21,BEL,1.0,0,-2.2142773081633527,0
2021-06-05,165.3,BEL,1,103.08,EST,3,4,2.72,BEL,1.0,0,2.71567753577582,1
2021-06-05,128.47,MKD,3,116.08,CRO,2,2,1.08,BEL,1.0,0,-1.0774403082215245,0
2021-06-05,346.28,USA,3,150.07,AUS,0,0,1.72,ITA,4.0,4,-1.7175881086283284,0
2021-06-05,89.22,HUN,1,91.32,DEN,3,4,1.85,BEL,1.0,0,1.845716513852553,0
2021-06-05,127.96,SVK,1,111.32,ROU,3,4,2.11,BEL,1.0,0,2.106514793611284,0
2021-06-05,121.34,POR,0,152.11,TUR,3,5,2.07,BEL,1.0,0,2.07424831030136,0
2021-06-05,123.11,ESP,3,110.53,LAT,0,0,2.32,BEL,1.0,0,-2.32480098367961,0
2021-06-05,188.26,BUL,0,282.62,IRI,3,5,5.1,ITA,4.0,4,5.099182703101655,0
2021-06-05,114.42,BLR,1,112.55,CZE,3,4,1.9,BEL,1.0,0,1.9010764441738115,0
2021-06-06,129.55,MKD,1,93.16,DEN,3,4,2.38,BEL,1.0,0,2.3769560590630947,0
2021-06-06,112.52,BLR,3,119.27,POR,2,2,1.34,BEL,1.0,0,-1.3440934555494657,0
2021-06-06,105.8,EST,3,108.2,LAT,0,0,2.53,BEL,1.0,0,-2.5334664675353205,0
2021-06-06,162.59,BEL,3,125.43,ESP,0,0,1.99,BEL,1.0,0,1.987660530836724,1
2021-06-06,115.0,CRO,2,87.38,HUN,3,3,1.63,BEL,1.0,0,1.632744900840147,0
2021-06-06,145.01,UKR,3,125.85,SVK,1,1,1.61,BEL,1.0,0,-1.6086225110717185,0
2021-06-06,114.45,CZE,1,154.19,TUR,3,4,1.33,BEL,1.0,0,1.3279782726812854,0
2021-06-09,276.56,SRB,3,179.86,GER,1,1,2.5,ITA,4.0,4,-2.4950270211844674,0
2021-06-09,389.38,POL,3,183.16,BUL,0,0,1.51,ITA,4.0,4,-1.5102914333303763,0
2021-06-09,269.95,JPN,3,148.35,AUS,1,1,1.46,ITA,4.0,4,-1.4607289731950102,0
2021-06-10,255.81,ARG,3,146.89,AUS,0,0,4.47,ITA,4.0,4,-4.470177680200744,0
2021-06-10,177.36,GER,0,334.73,USA,3,5,2.73,ITA,4.0,4,2.725337635593763,0
2021-06-10,181.65,BUL,0,425.11,BRA,3,5,0.9,ITA,4.0,4,0.9032705000353524,0
2021-06-11,294.77,IRI,2,174.64,GER,3,3,10.98,ITA,4.0,4,10.982092952648726,0
2021-06-11,265.99,ITA,3,142.42,AUS,0,0,3.89,ITA,4.0,4,3.884886111485751,1
2021-06-11,158.54,NED,2,180.75,BUL,3,3,3.77,ITA,4.0,4,3.766160739834509,0
2021-06-15,154.77,NED,3,313.17,FRA,2,2,12.31,ITA,4.0,4,-12.30578650756934,0
2021-06-15,310.47,RUS,3,295.62,SRB,1,1,6.67,ITA,4.0,4,-6.673174156438545,0
2021-06-15,268.68,ARG,3,184.52,BUL,1,1,3.07,ITA,4.0,4,-3.066293090415908,0
2021-06-15,267.99,JPN,3,185.62,GER,0,0,5.65,ITA,4.0,4,-5.650395503445129,0
2021-06-15,283.79,IRI,2,138.53,AUS,3,3,11.89,ITA,4.0,4,11.890110392500915,0
2021-06-16,288.95,SRB,3,181.45,BUL,0,0,4.53,ITA,4.0,4,-4.529488742859907,0
2021-06-16,235.1,CAN,3,179.97,GER,0,0,7.0,ITA,4.0,4,-7.000393996469702,0
2021-06-16,262.98,ITA,3,167.08,NED,1,1,2.53,ITA,4.0,4,2.5305066227727235,1
2021-06-16,272.96,SLO,3,150.42,AUS,1,1,1.42,ITA,4.0,4,-1.42442786531072,0
2021-06-17,172.97,GER,0,391.23,POL,3,5,1.29,ITA,4.0,4,1.2869546488692452,0
2021-06-17,266.74,ARG,3,293.48,SRB,0,0,11.48,ITA,4.0,4,-11.48278475375568,0
2021-06-17,271.82,IRI,1,274.38,SLO,3,4,7.36,ITA,4.0,4,7.357210675993578,0
2021-06-17,149.0,AUS,0,434.23,BRA,3,5,0.47,ITA,4.0,4,0.473871497027033,0
2021-06-17,176.92,BUL,0,322.15,RUS,3,5,3.11,ITA,4.0,4,3.110885046983382,0
2021-06-19,164.57,BEL,0,146.62,UKR,3,5,2.75,BEL,1.0,0,-2.749647610185392,1
2021-06-19,108.33,EST,2,155.52,TUR,3,3,0.6,BEL,1.0,0,0.6038534189936795,0
2021-06-20,149.37,UKR,1,156.12,TUR,3,4,1.78,BEL,1.0,0,1.7809065444505343,0
2021-06-20,161.82,BEL,0,107.73,EST,3,5,3.24,BEL,1.0,0,3.236432191154638,1
2021-06-21,302.74,FRA,3,264.46,IRI,0,0,7.89,ITA,4.0,4,-7.890334974897805,0
2021-06-21,257.84,JPN,3,173.81,BUL,0,0,5.57,ITA,4.0,4,-5.572380207733175,0
2021-06-21,148.52,AUS,1,282.0,SRB,3,4,1.02,ITA,4.0,4,1.0170798339454812,0
2021-06-21,253.61,CAN,3,164.54,NED,0,0,5.34,ITA,4.0,4,-5.3388219265016845,0
2021-06-21,392.52,POL,3,278.22,ARG,0,0,4.25,ITA,4.0,4,-4.249560500163895,0
2021-06-21,171.68,GER,1,325.26,RUS,3,4,0.34,ITA,4.0,4,0.3419926953333319,0
2021-06-22,168.24,BUL,0,317.32,USA,3,5,2.98,ITA,4.0,4,2.9848686444402586,0
2021-06-22,310.64,FRA,3,273.97,ARG,0,0,7.98,ITA,4.0,4,-7.977065880494605,0
2021-06-22,256.57,IRI,0,396.77,POL,3,5,3.28,ITA,4.0,4,3.280787072665328,0
2021-06-22,434.8,BRA,3,171.34,GER,0,0,0.67,ITA,4.0,4,-0.6693818193601442,0
2021-06-22,258.95,CAN,3,147.51,AUS,0,0,4.37,ITA,4.0,4,-4.366029557184987,0
2021-06-23,253.29,IRI,1,265.99,ARG,3,4,6.79,ITA,4.0,4,6.792536811537587,0
2021-06-23,143.14,AUS,0,159.19,NED,3,5,9.11,ITA,4.0,4,9.106633585429275,0
2021-06-23,297.67,SLO,3,165.25,BUL,0,0,3.56,ITA,4.0,4,-3.5553227831753653,0
2021-06-23,263.32,CAN,3,283.02,SRB,2,2,6.1,ITA,4.0,4,-6.095350315177497,0
2021-07-24,431.08,BRA,3,167.89,TUN,0,0,0.84,JPN,5.0,6,-0.8402130709081662,0
2021-07-24,248.36,JPN,3,126.07,VEN,0,0,4.92,JPN,5.0,6,-4.917578068530223,1
2021-07-24,343.21,RUS,3,272.78,ARG,1,1,4.66,JPN,5.0,6,-4.658332838842213,0
2021-07-24,390.18,POL,2,246.5,IRI,3,3,14.8,JPN,5.0,6,14.79674415844112,0
2021-07-26,318.42,FRA,3,167.05,TUN,0,0,3.64,JPN,5.0,6,-3.6394586024312807,0
2021-07-26,253.28,JPN,3,263.26,CAN,1,1,10.07,JPN,5.0,6,-10.07028383032117,1
2021-07-26,261.29,IRI,3,121.15,VEN,0,0,4.1,JPN,5.0,6,-4.103562179332715,0
2021-07-28,263.35,JPN,1,270.77,ITA,3,4,8.86,JPN,5.0,6,8.857875094049046,1
2021-07-28,253.19,CAN,3,265.4,IRI,0,0,13.35,JPN,5.0,6,-13.350294972478176,0
2021-07-28,268.12,ARG,3,322.06,FRA,2,2,9.92,JPN,5.0,6,-9.922431936712677,0
2021-07-30,254.49,JPN,0,381.54,POL,3,5,4.69,JPN,5.0,6,4.691390606184768,1
2021-07-30,266.54,CAN,3,117.04,VEN,0,0,3.71,JPN,5.0,6,-3.714165486974626,0
2021-07-30,279.62,ITA,3,252.05,IRI,1,1,7.46,JPN,5.0,6,-7.464696501252429,0
2021-08-01,287.09,ITA,3,113.32,VEN,0,0,2.82,JPN,5.0,6,-2.8235150194502485,0
2021-08-01,360.61,RUS,3,163.39,TUN,0,0,2.12,JPN,5.0,6,-2.11968657606564,0
2021-08-01,326.94,USA,0,278.05,ARG,3,5,15.84,JPN,5.0,6,15.84267235978956,0
2021-08-01,249.8,JPN,3,244.58,IRI,2,2,5.89,JPN,5.0,6,-5.886116855186463,1
2021-08-03,255.69,JPN,0,418.5,BRA,3,5,3.2,JPN,5.0,6,3.2046726025887637,1
2021-08-03,289.91,ITA,2,293.89,ARG,3,3,5.97,JPN,5.0,6,5.972530346458668,0
2021-08-05,336.17,FRA,3,299.86,ARG,0,0,10.0,JPN,5.0,6,-9.995617847706235,0
2021-08-07,346.16,FRA,3,381.89,RUS,2,2,8.72,JPN,5.0,6,-8.715222460438353,0
2021-08-07,289.87,ARG,3,408.74,BRA,2,2,13.67,JPN,5.0,6,-13.665858506597008,0
2021-08-18,136.13,MEX,3,106.29,TTO,0,0,7.3,MEX,3.5,3,-7.304237494336501,1
2021-08-18,258.83,CAN,0,114.85,PUR,3,5,14.77,MEX,3.5,3,14.741518550922994,0
2021-08-18,212.08,CUB,3,118.72,DOM,1,1,2.29,MEX,3.5,3,-2.3135369287617102,0
2021-08-19,143.42,MEX,3,129.62,PUR,1,1,5.89,MEX,3.5,3,-5.89001491165572,1
2021-08-19,244.07,CAN,3,99.0,TTO,0,0,2.7,MEX,3.5,3,-2.726672934365321,0
2021-08-19,214.37,CUB,3,86.22,GUA,0,0,3.22,MEX,3.5,3,-3.248041256520797,0
2021-08-20,311.12,USA,0,217.59,CUB,3,5,13.03,MEX,3.5,3,13.005648726610705,0
2021-08-20,116.42,DOM,3,83.0,GUA,1,1,4.94,MEX,3.5,3,-4.946294215379982,0
2021-08-20,149.31,MEX,3,246.77,CAN,0,0,13.18,MEX,3.5,3,-13.15873437813158,1
2021-08-20,123.73,PUR,3,96.3,TTO,0,0,7.41,MEX,3.5,3,-7.419493591899522,0
2021-08-21,131.14,PUR,3,121.35,DOM,1,1,6.08,MEX,3.5,3,-6.085052298166974,0
2021-08-22,162.49,MEX,0,241.02,CAN,3,5,5.08,MEX,3.5,3,5.103768054307092,1
2021-08-22,88.89,TTO,0,115.27,DOM,3,5,7.46,MEX,3.5,3,7.469829191930772,0
2021-08-22,230.62,CUB,1,137.22,PUR,3,4,10.84,MEX,3.5,3,10.81303663761699,0
2021-08-23,81.42,TTO,0,78.06,GUA,3,5,8.92,MEX,3.5,3,8.913978189485602,0
2021-08-23,148.06,PUR,3,246.1,CAN,0,0,13.2,MEX,3.5,3,-13.181086273718387,0
2021-08-23,157.41,MEX,3,219.78,CUB,1,1,9.53,MEX,3.5,3,9.51152127647941,1
2021-09-01,395.07,BRA,3,108.05,PER,0,0,0.39,BRA,3.5,3,-0.4026622908262398,1
2021-09-01,110.97,EST,1,105.67,LAT,3,4,6.82,EST,3.5,3,6.821120128209782,1
2021-09-01,125.89,FIN,3,127.17,MKD,1,1,6.63,FIN,3.5,3,-6.624972869595335,1
2021-09-01,303.53,ARG,3,123.14,COL,0,0,1.8,BRA,3.5,3,-1.8267844507013111,0
2021-09-02,158.59,BEL,1,276.93,SRB,3,4,1.36,POL,3.5,3,1.3896786666481622,0
2021-09-02,168.29,NED,3,123.44,ESP,0,0,6.58,FIN,3.5,3,-6.596852301002372,0
2021-09-02,124.63,GRE,2,147.58,UKR,3,3,3.25,POL,3.5,3,3.259727148810049,0
2021-09-02,395.46,BRA,3,121.34,COL,0,0,0.48,BRA,3.5,3,-0.4958208098425351,1
2021-09-02,134.1,CHI,3,107.66,PER,0,0,7.46,BRA,3.5,3,-7.466950982082101,0
2021-09-02,373.18,RUS,1,157.9,TUR,3,4,14.16,FIN,3.5,3,14.140280684363098,0
2021-09-03,150.84,UKR,0,278.29,SRB,3,5,3.24,POL,3.5,3,3.270878566871032,0
2021-09-03,113.37,CRO,0,170.66,GER,3,5,6.01,EST,3.5,3,6.027862694713593,0
2021-09-03,129.23,MNE,0,161.7,BUL,3,5,7.17,CZE,3.5,3,7.1789294887428845,0
2021-09-03,122.72,DOM,3,161.26,PUR,1,1,2.41,DOM,1.0,0,-2.405911677917345,1
2021-09-03,113.12,CZE,3,287.4,SLO,1,1,13.37,CZE,3.5,3,-13.347874557482909,1
2021-09-03,354.88,FRA,3,124.24,SVK,0,0,0.93,EST,3.5,3,-0.9494069737743724,0
2021-09-03,395.94,BRA,3,141.56,CHI,0,0,0.65,BRA,3.5,3,-0.6724633671937191,1
2021-09-03,157.22,BEL,2,117.92,POR,3,3,6.28,POL,3.5,3,6.268916746015071,0
2021-09-03,305.33,ARG,3,100.2,PER,0,0,1.32,BRA,3.5,3,-1.3404036690204375,0
2021-09-03,290.67,USA,3,166.93,MEX,0,0,0.97,DOM,1.0,0,-0.969595865212206,0
2021-09-03,174.88,NED,3,120.55,MKD,0,0,6.15,FIN,3.5,3,-6.16159652259135,0
2021-09-03,84.15,SUR,0,232.9,CAN,3,5,0.75,DOM,1.0,0,0.7488833420898716,0
2021-09-03,172.06,TUR,3,116.86,ESP,1,1,3.92,FIN,3.5,3,-3.9346764650710697,0
2021-09-04,132.52,FIN,3,112.94,ESP,0,0,7.79,FIN,3.5,3,7.797369588513352,1
2021-09-04,150.94,BEL,3,121.37,GRE,0,0,7.31,POL,3.5,3,-7.317130173195686,0
2021-09-04,291.64,USA,3,158.86,PUR,0,0,0.88,DOM,1.0,0,-0.8855762503635106,0
2021-09-04,120.86,COL,3,98.88,PER,1,1,5.49,BRA,3.5,3,-5.493981219535734,0
2021-09-04,126.5,CZE,1,111.83,BLR,3,4,7.28,CZE,3.5,3,-7.27723461931313,1
2021-09-04,107.35,CRO,3,112.49,LAT,2,2,4.63,EST,3.5,3,-4.625816193644445,0
2021-09-04,122.06,MNE,0,274.02,SLO,3,5,2.5,CZE,3.5,3,2.531270648881664,0
2021-09-04,165.97,MEX,1,233.65,CAN,3,4,0.96,DOM,1.0,0,0.9657423712208796,0
2021-09-04,125.13,DOM,3,83.4,SUR,0,0,1.93,DOM,1.0,0,-1.9263467995692631,1
2021-09-04,104.14,EST,3,123.32,SVK,2,2,5.31,EST,3.5,3,5.308288501346938,1
2021-09-05,119.22,CZE,2,168.87,BUL,3,3,1.99,CZE,3.5,3,2.000202444860917,1
2021-09-05,114.4,MKD,0,175.98,TUR,3,5,5.82,FIN,3.5,3,5.836035977240544,0
2021-09-05,124.2,POR,2,147.59,UKR,3,3,3.23,POL,3.5,3,3.238536005848016,0
2021-09-05,126.35,COL,1,140.89,CHI,3,4,5.85,BRA,3.5,3,5.854076867029704,0
2021-09-05,109.46,EST,0,176.67,GER,3,5,5.57,EST,3.5,3,5.588093123364545,1
2021-09-05,81.47,SUR,0,165.0,MEX,3,5,1.4,DOM,1.0,0,1.3989556913552958,0
2021-09-05,157.97,PUR,1,234.61,CAN,3,4,0.85,DOM,1.0,0,0.8559261374644416,0
2021-09-05,127.05,DOM,3,292.52,USA,2,2,3.13,DOM,1.0,0,-3.1281973585802145,1
2021-09-05,355.81,FRA,3,111.98,CRO,0,0,0.77,EST,3.5,3,-0.7861112568941764,0
2021-09-05,396.6,BRA,3,306.66,ARG,1,1,2.43,BRA,3.5,3,-2.449140875122279,1
2021-09-05,285.98,ITA,3,119.55,MNE,0,0,2.13,CZE,3.5,3,-2.1524919604880592,0
2021-09-06,181.8,TUR,1,181.02,NED,3,4,6.6,FIN,3.5,3,6.600569729318602,0
2021-09-06,289.4,USA,3,80.08,SUR,0,0,0.36,DOM,1.0,0,-0.3625342913452523,0
2021-09-06,276.53,SLO,3,119.11,BLR,0,0,2.36,CZE,3.5,3,-2.3833434198397683,0
2021-09-06,107.86,LAT,2,118.0,SVK,3,3,3.88,EST,3.5,3,3.880511694968978,0
2021-09-06,108.58,MKD,1,105.15,ESP,3,4,6.73,FIN,3.5,3,6.729893743573405,0
2021-09-06,130.18,DOM,1,235.47,CAN,3,4,0.53,DOM,1.0,0,0.5306713217282452,1
2021-09-06,166.4,MEX,3,157.12,PUR,0,0,2.37,DOM,1.0,0,-2.370682300608027,0
2021-09-06,170.85,BUL,1,288.1,ITA,3,4,1.4,CZE,3.5,3,1.4274497821085377,0
2021-09-06,380.8,POL,3,158.25,BEL,0,0,1.04,POL,3.5,3,-1.0621695452725517,1
2021-09-06,120.96,POR,1,281.53,SRB,3,4,0.09,POL,3.5,3,0.113267176320724,0
2021-09-07,236.0,CAN,2,289.76,USA,3,3,0.52,DOM,1.0,0,0.5178496063919782,0
2021-09-07,50.0,MLI,3,56.0,NIG,2,2,4.67,RWA,3.5,3,-4.667758348642231,0
2021-09-07,58.0,RWA,3,85.58,BDI,0,0,10.1,RWA,3.5,3,10.087691402997317,1
2021-09-07,55.0,UGA,3,50.0,BUR,1,1,6.32,RWA,3.5,3,-6.318512510779757,0
2021-09-07,103.89,EST,2,111.21,CRO,3,3,4.02,EST,3.5,3,-4.01788674943034,1
2021-09-07,103.99,LAT,1,182.23,GER,3,4,2.91,EST,3.5,3,2.928424927661902,0
2021-09-07,140.3,FIN,1,187.62,NED,3,4,4.28,FIN,3.5,3,4.294983767087256,1
2021-09-07,117.23,CZE,3,117.43,MNE,0,0,8.76,CZE,3.5,3,8.759761514960038,1
2021-09-07,136.81,CMR,3,99.04,COD,1,1,4.73,RWA,3.5,3,-4.740558020692408,0
2021-09-07,154.75,PUR,3,79.71,SUR,1,1,0.87,DOM,1.0,0,-0.8752763108613232,0
2021-09-07,150.82,UKR,3,157.21,BEL,1,1,6.88,POL,3.5,3,-6.874275180432906,0
2021-09-07,129.65,DOM,2,168.77,MEX,3,3,0.71,DOM,1.0,0,0.7112971150890478,1
2021-09-07,278.88,SLO,3,169.45,BUL,0,0,3.87,CZE,3.5,3,-3.8928622326350766,0
2021-09-08,289.51,ITA,3,282.75,SLO,0,0,8.42,CZE,3.5,3,-8.420185382108848,0
2021-09-08,51.33,NIG,2,94.31,COD,3,3,2.3,RWA,3.5,3,2.3088594413091563,0
2021-09-08,110.07,MAR,3,50.0,TAN,0,0,5.89,RWA,3.5,3,-5.903278512462659,0
2021-09-08,290.27,USA,0,169.48,MEX,3,5,4.0,DOM,1.0,0,4.001956607874039,0
2021-09-08,56.0,KEN,3,167.29,EGY,2,2,9.32,RWA,3.5,3,-9.29933462919301,0
2021-09-08,121.88,SVK,1,115.23,CRO,3,4,6.89,EST,3.5,3,6.886951770299493,0
2021-09-08,356.58,FRA,3,101.08,LAT,0,0,0.64,EST,3.5,3,-0.6612272678382448,0
2021-09-08,54.67,MLI,0,141.54,CMR,3,5,4.74,RWA,3.5,3,4.760134096004643,0
2021-09-08,114.05,GRE,1,120.88,POR,3,4,6.23,POL,3.5,3,6.2292727637731415,0
2021-09-08,165.29,TUN,3,54.62,ETH,0,0,3.82,RWA,3.5,3,-3.847988930316415,0
2021-09-08,56.0,NGR,0,161.27,TUN,3,5,4.02,RWA,3.5,3,4.045591909001268,0
2021-09-08,136.02,FIN,3,175.2,TUR,2,2,6.27,FIN,3.5,3,-6.263279308829922,1
2021-09-08,381.84,POL,3,157.7,UKR,0,0,1.02,POL,3.5,3,-1.0392158319805194,1
2021-09-08,116.75,BLR,3,108.67,MNE,0,0,8.35,CZE,3.5,3,-8.355847569357424,0
2021-09-08,359.05,RUS,3,101.85,MKD,0,0,0.63,FIN,3.5,3,-0.6444653979205632,0
2021-09-08,128.94,DOM,0,235.48,CAN,3,5,1.14,DOM,1.0,0,-1.1424599552182484,1
2021-09-08,155.62,PUR,3,78.84,SUR,1,1,0.85,DOM,1.0,0,-0.8542385331322099,0
2021-09-09,236.62,CAN,0,173.48,MEX,3,5,3.35,DOM,1.0,0,3.352316816503216,0
2021-09-09,68.1,RWA,3,43.68,BUR,0,0,7.56,RWA,3.5,3,7.563972115707044,1
2021-09-09,115.96,MAR,3,65.32,KEN,1,1,4.13,RWA,3.5,3,-4.142303513956336,0
2021-09-09,165.58,BUL,3,125.11,BLR,1,1,4.6,CZE,3.5,3,-4.613687872272919,0
2021-09-09,146.27,CMR,3,49.03,NIG,0,0,4.33,RWA,3.5,3,-4.349760245009674,0
2021-09-09,99.87,EST,0,357.23,FRA,3,5,0.63,EST,3.5,3,0.6429058411489358,1
2021-09-09,96.6,COD,3,49.93,MLI,0,0,6.5,RWA,3.5,3,-6.512517969840443,0
2021-09-09,157.97,EGY,3,44.11,TAN,0,0,3.71,RWA,3.5,3,-3.733938599564373,0
2021-09-09,127.8,DOM,1,286.27,USA,3,4,0.05,DOM,1.0,0,0.0480268043419324,1
2021-09-09,185.14,GER,3,114.99,SVK,2,2,1.07,EST,3.5,3,-1.0854249517333765,0
2021-09-09,75.49,BDI,0,61.32,UGA,3,5,9.44,RWA,3.5,3,9.44045644855093,0
2021-09-10,41.71,SSD,0,169.11,TUN,3,5,3.25,RWA,3.5,3,3.2725136362756304,0
2021-09-10,161.68,EGY,3,120.08,MAR,1,1,4.55,RWA,3.5,3,-4.560791395249803,0
2021-09-10,36.13,BUR,1,66.04,BDI,3,4,5.1,RWA,3.5,3,5.113395787077524,0
2021-09-10,75.65,RWA,3,70.76,UGA,2,2,4.13,RWA,3.5,3,-4.136378088192746,1
2021-09-10,61.2,KEN,3,40.4,TAN,0,0,7.73,RWA,3.5,3,-7.7384238172057564,0
2021-09-11,71.15,BDI,3,32.67,TAN,0,0,6.88,RWA,3.5,3,-6.894631814524287,0
2021-09-11,43.43,MLI,3,38.46,SSD,2,2,4.13,RWA,3.5,3,-4.132475835682079,0
2021-09-11,68.93,KEN,3,31.02,BUR,0,0,6.91,RWA,3.5,3,-6.921463393240445,0
2021-09-11,166.23,EGY,3,66.63,UGA,1,1,2.05,RWA,3.5,3,-2.0716056303222685,0
2021-09-11,79.79,RWA,0,115.53,MAR,3,5,7.01,RWA,3.5,3,7.023871420724635,1
2021-09-11,382.86,POL,3,142.29,FIN,0,0,0.8,POL,3.5,3,-0.8242007711502136,1
2021-09-11,172.36,TUN,3,103.1,COD,0,0,5.48,RWA,3.5,3,-5.498937976823093,0
2021-09-11,150.6,CMR,3,66.73,NGR,1,1,2.67,RWA,3.5,3,-2.6948919821696897,0
2021-09-12,186.21,GER,3,170.18,BUL,1,1,5.78,CZE,3.5,3,-5.781774326149757,0
2021-09-12,117.25,THA,2,100.06,PAK,3,3,5.22,JPN,3.5,3,5.211956002021173,0
2021-09-12,50.0,KSA,0,160.62,KOR,3,5,3.83,JPN,3.5,3,3.849792507151881,0
2021-09-12,64.8,KUW,0,135.52,CHN,3,5,5.42,JPN,3.5,3,5.435821589673248,0
2021-09-12,134.03,AUS,3,50.0,UZB,0,0,4.85,JPN,3.5,3,-4.875832681766525,0
2021-09-12,238.7,IRI,3,69.6,HKG,0,0,2.06,JPN,3.5,3,-2.0872197595522994,0
2021-09-12,297.93,ITA,3,100.43,LAT,0,0,1.45,CZE,3.5,3,-1.4785155942668244,0
2021-09-12,131.98,TPE,3,95.84,KAZ,0,0,6.99,JPN,3.5,3,-7.004964037017178,0
2021-09-12,252.48,JPN,3,138.16,QAT,0,0,3.69,JPN,3.5,3,-3.7176584797050167,1
2021-09-12,191.9,NED,3,127.1,POR,2,2,1.3,POL,3.5,3,-1.3186832696077937,0
2021-09-12,50.0,BRN,3,73.61,IND,0,0,9.9,JPN,3.5,3,-9.897055521131175,0
2021-09-13,67.54,HKG,1,105.28,PAK,3,4,4.73,JPN,3.5,3,4.741971380317382,0
2021-09-13,25.79,TAN,0,34.33,SSD,3,5,8.33,RWA,3.5,3,8.333434534508173,0
2021-09-13,78.03,BDI,1,47.56,MLI,3,4,8.05,RWA,3.5,3,8.03832531285573,0
2021-09-13,75.84,KEN,3,51.27,NIG,1,1,5.36,RWA,3.5,3,-5.369259169963792,0
2021-09-13,240.76,IRI,3,112.03,THA,0,0,3.2,JPN,3.5,3,-3.229194842188896,0
2021-09-13,63.71,IND,0,134.47,QAT,3,5,5.42,JPN,3.5,3,5.434096873836534,0
2021-09-13,122.55,MAR,2,153.28,CMR,3,3,2.88,RWA,3.5,3,2.8867761225002098,0
2021-09-13,64.58,UGA,3,97.62,COD,1,1,8.17,RWA,3.5,3,-8.160660090042636,0
2021-09-13,125.98,CZE,3,357.85,FRA,0,0,16.59,CZE,3.5,3,16.566874485894104,1
2021-09-13,168.27,EGY,1,177.84,TUN,3,4,6.09,RWA,3.5,3,6.095765024544223,0
2021-09-13,164.45,KOR,3,88.85,KAZ,0,0,5.21,JPN,3.5,3,-5.227216971613855,0
2021-09-13,46.17,KSA,0,138.98,TPE,3,5,4.5,JPN,3.5,3,4.522702816314038,0
2021-09-13,274.33,SLO,3,122.12,CRO,1,1,0.31,CZE,3.5,3,-0.3368640737506212,0
2021-09-13,138.89,AUS,3,59.38,KUW,0,0,5.04,JPN,3.5,3,-5.06278754067973,0
2021-09-13,72.77,RWA,3,64.06,NGR,0,0,8.32,RWA,3.5,3,-8.325152549859554,1
2021-09-13,45.15,UZB,0,140.94,CHN,3,5,4.38,JPN,3.5,3,4.405971142774746,0
2021-09-14,55.61,MLI,0,81.2,KEN,3,5,7.5,RWA,3.5,3,7.507746513338572,0
2021-09-14,55.73,NGR,3,89.45,COD,0,0,10.39,RWA,3.5,3,-10.380444365872986,0
2021-09-14,69.98,BDI,3,45.91,NIG,1,1,5.39,RWA,3.5,3,-5.393307407293137,0
2021-09-14,81.1,RWA,1,72.75,UGA,3,4,6.97,RWA,3.5,3,6.969808423954865,1
2021-09-14,17.46,TAN,0,30.9,ETH,3,5,8.09,RWA,3.5,3,8.095004932380222,0
2021-09-14,108.83,THA,3,62.81,HKG,1,1,4.34,JPN,3.5,3,-4.355097351978005,0
2021-09-14,110.01,PAK,0,243.96,IRI,3,5,3.04,JPN,3.5,3,3.0626816294765487,0
2021-09-14,145.32,CHN,2,143.93,AUS,3,3,4.44,JPN,3.5,3,4.44284146698136,0
2021-09-14,156.15,CMR,1,183.93,TUN,3,4,5.21,RWA,3.5,3,5.215230898689392,0
2021-09-14,256.18,JPN,3,58.3,IND,0,0,1.45,JPN,3.5,3,-1.471392756127903,1
2021-09-14,143.48,TPE,3,169.65,KOR,1,1,7.84,JPN,3.5,3,-7.832595296955117,0
2021-09-14,193.2,NED,0,281.63,SRB,3,5,4.68,POL,3.5,3,4.69717520696842,0
2021-09-14,383.66,POL,3,359.68,RUS,0,0,7.58,POL,3.5,3,-7.585137623889205,1
2021-09-14,139.88,QAT,3,59.89,BRN,0,0,5.02,JPN,3.5,3,-5.042772798601459,0
2021-09-14,119.67,MAR,1,162.18,EGY,3,4,4.51,RWA,3.5,3,4.518282695274396,0
2021-09-14,83.64,KAZ,0,41.67,KSA,3,5,10.78,JPN,3.5,3,10.769002083668468,0
2021-09-14,54.34,KUW,3,40.76,UZB,1,1,5.9,JPN,3.5,3,-5.900702752377825,0
2021-09-15,142.57,CZE,0,274.64,SLO,3,5,3.1,CZE,3.5,3,3.1220071286245727,1
2021-09-15,299.39,ITA,3,191.99,GER,0,0,3.94,CZE,3.5,3,-3.966972151253136,0
2021-09-16,257.63,JPN,1,140.88,CHN,3,4,11.71,JPN,3.5,3,11.680144392365364,1
2021-09-16,106.97,PAK,1,151.32,TPE,3,4,4.42,JPN,3.5,3,4.43258145578281,0
2021-09-16,144.91,QAT,3,148.37,AUS,0,0,8.92,JPN,3.5,3,-8.918857540054985,0
2021-09-16,113.17,THA,1,72.86,KAZ,3,4,8.52,JPN,3.5,3,8.50381258737141,0
2021-09-16,56.85,IND,3,60.23,KUW,0,0,8.92,JPN,3.5,3,-8.914954066187573,0
2021-09-16,58.46,HKG,0,52.45,KSA,3,5,9.04,JPN,3.5,3,9.043245987920365,0
2021-09-16,54.87,BRN,3,34.87,UZB,0,0,7.77,JPN,3.5,3,-7.7770686745304545,0
2021-09-16,247.0,IRI,3,161.81,KOR,0,0,4.81,JPN,3.5,3,-4.828408221501576,0
2021-09-17,62.64,BRN,3,51.32,KUW,0,0,8.19,JPN,3.5,3,-8.198083236945243,0
2021-09-17,104.66,THA,1,61.5,KSA,3,4,8.65,JPN,3.5,3,8.637030900327558,0
2021-09-17,49.42,HKG,0,81.37,KAZ,3,5,7.19,JPN,3.5,3,7.203664499124551,0
2021-09-17,65.76,IND,3,27.09,UZB,0,0,6.87,JPN,3.5,3,-6.885694415661508,0
2021-09-17,245.93,JPN,3,139.45,AUS,0,0,3.98,JPN,3.5,3,-4.000822464540497,1
2021-09-17,251.8,IRI,3,155.74,TPE,0,0,4.37,JPN,3.5,3,-4.395474940101469,0
2021-09-17,102.55,PAK,3,157.01,KOR,0,0,11.36,JPN,3.5,3,-11.344299731754774,0
2021-09-17,153.83,QAT,2,152.58,CHN,3,3,4.44,JPN,3.5,3,4.43600870002397,0
2021-09-18,72.64,IND,3,70.15,KSA,0,0,8.63,JPN,3.5,3,-8.628475332227682,0
2021-09-18,149.39,QAT,3,145.65,KOR,0,0,8.57,JPN,3.5,3,-8.567480731911786,0
2021-09-18,20.22,UZB,3,96.01,THA,2,2,7.93,JPN,3.5,3,-7.90582984064251,0
2021-09-18,70.84,BRN,3,88.57,KAZ,1,1,7.43,JPN,3.5,3,-7.425613442041749,0
2021-09-18,43.12,KUW,2,42.23,HKG,3,3,4.42,JPN,3.5,3,4.418438471281337,0
2021-09-18,135.48,AUS,3,113.91,PAK,0,0,7.7,JPN,3.5,3,-7.701258252347198,0
2021-09-18,286.31,SRB,1,303.33,ITA,3,4,5.73,POL,3.5,3,5.733781259714236,0
2021-09-18,157.02,CHN,1,256.18,IRI,3,4,2.07,JPN,3.5,3,2.088428568241131,0
2021-09-18,249.9,JPN,3,151.36,TPE,1,1,2.09,JPN,3.5,3,-2.1121950313939157,1
2021-09-18,391.24,POL,1,277.74,SLO,3,4,11.59,POL,3.5,3,11.565791163336565,1
2021-09-19,251.99,JPN,0,258.24,IRI,3,5,8.44,JPN,3.5,3,8.445051111389418,1
2021-09-19,149.28,TPE,0,154.95,CHN,3,5,8.47,JPN,3.5,3,8.473334547842665,0
2021-09-19,137.08,KOR,0,106.22,PAK,3,5,10.25,JPN,3.5,3,10.244421320073616,0
2021-09-19,289.33,SLO,2,309.06,ITA,3,3,3.41,POL,3.5,3,3.415118301814724,0
2021-09-19,157.96,QAT,3,143.17,AUS,0,0,8.03,JPN,3.5,3,-8.029439923378122,0
2021-09-19,46.64,HKG,0,28.14,UZB,3,5,9.66,JPN,3.5,3,9.650390431568177,0
2021-09-19,78.27,BRN,2,81.27,IND,3,3,4.23,JPN,3.5,3,4.2285881290427865,0
2021-09-19,38.7,KUW,1,88.08,THA,3,4,4.19,JPN,3.5,3,4.200103261747453,0
2021-09-19,81.14,KAZ,3,61.52,KSA,0,0,7.79,JPN,3.5,3,-7.795435808389179,0
2021-09-19,379.65,POL,3,280.58,SRB,0,0,4.26,POL,3.5,3,-4.279374085201171,1
2022-05-24,75.97,ALB,1,113.43,ROU,3,4,1.36,ALB,1.0,0,1.358619015725721,1
2022-05-25,150.33,BEL,3,98.98,LAT,0,0,1.8,BEL,1.0,0,-1.7992325453255262,1
2022-05-25,168.92,TUR,3,113.92,SVK,0,0,1.75,TUR,1.0,0,-1.7517800870757962,1
2022-05-25,99.25,EST,1,139.47,CZE,3,4,1.32,EST,1.0,0,1.3215448452927134,1
2022-05-25,101.22,MKD,3,88.01,BIH,0,0,2.32,MKD,1.0,0,-2.3160518052756807,1
2022-05-25,95.54,DEN,2,111.87,ESP,3,3,1.02,DEN,1.0,0,1.0227791067898555,1
2022-05-25,121.81,CRO,1,156.67,UKR,3,4,1.39,CRO,1.0,0,1.393718475383389,1
2022-05-26,120.42,CRO,1,158.07,UKR,3,4,1.36,CRO,1.0,0,-1.3560605528604874,1
2022-05-28,85.69,BIH,3,74.61,ALB,2,2,1.1,BIH,1.0,0,-1.0956458988340234,1
2022-05-28,141.49,FIN,3,89.01,HUN,0,0,1.78,FIN,1.0,0,-1.7844932208864626,1
2022-05-28,97.18,LAT,2,97.92,EST,3,3,1.24,LAT,1.0,0,1.2396807275214023,1
2022-05-28,112.89,ESP,1,159.42,UKR,3,4,1.24,ESP,1.0,0,-1.2375693736036846,1
2022-05-28,114.79,ROU,3,103.54,MKD,2,2,1.09,ROU,1.0,0,-1.0932825676344853,1
2022-05-28,119.06,CRO,3,94.52,DEN,0,0,2.16,CRO,1.0,0,-2.159486186816413,1
2022-05-28,140.79,CZE,3,152.13,BEL,0,0,2.66,CZE,1.0,0,-2.657968517100737,1
2022-05-29,125.8,POR,3,112.17,SVK,0,0,2.31,POR,1.0,0,-2.3102210164520782,1
2022-05-29,111.65,ESP,0,160.66,UKR,3,5,1.83,ESP,1.0,0,1.8298886494700737,1
2022-06-01,115.88,ROU,3,86.79,BIH,0,0,2.1,ROU,1.0,0,-2.0971608778000896,1
2022-06-01,102.44,MKD,1,73.52,ALB,3,4,2.28,MKD,1.0,0,2.2755174388391834,1
2022-06-01,99.16,EST,3,149.47,BEL,1,1,2.56,EST,1.0,0,-2.5621645502404173,1
2022-06-01,95.94,LAT,0,143.45,CZE,3,5,1.85,LAT,1.0,0,1.8496323292675168,1
2022-06-01,121.22,CRO,3,109.82,ESP,1,1,1.72,CRO,1.0,0,-1.7161974615864968,1
2022-06-01,128.11,POR,1,170.67,TUR,3,4,1.29,POR,1.0,0,1.2902712565469752,1
2022-06-03,156.48,PUR,2,176.84,MEX,3,3,0.97,CUB,1.0,0,0.9670498909437109,0
2022-06-03,210.26,CUB,3,127.76,DOM,0,0,1.41,CUB,1.0,0,-1.4110666776032723,1
2022-06-03,92.36,DEN,2,162.49,UKR,3,3,0.31,DEN,1.0,0,-0.3103683181334848,1
2022-06-04,84.69,BIH,1,117.97,ROU,3,4,1.41,BIH,1.0,0,1.415126089641668,1
2022-06-04,211.67,CUB,3,177.8,MEX,0,0,2.03,CUB,1.0,0,2.032125433657964,1
2022-06-04,75.79,ALB,3,100.17,MKD,1,1,2.21,ALB,1.0,0,-2.2133154886738384,1
2022-06-04,92.05,DEN,2,162.8,UKR,3,3,0.3,DEN,1.0,0,0.3027222943358894,1
2022-06-04,145.3,CZE,3,94.09,LAT,0,0,1.8,CZE,1.0,0,-1.8010616263210948,1
2022-06-04,108.11,ESP,2,122.94,CRO,3,3,1.04,ESP,1.0,0,1.043570919456276,1
2022-06-04,155.51,PUR,2,126.35,DOM,3,3,1.65,CUB,1.0,0,1.6537949441283586,0
2022-06-05,146.91,BEL,0,101.73,EST,3,5,3.12,BEL,1.0,0,3.1195613781613574,1
2022-06-05,171.96,TUR,3,126.82,POR,0,0,1.88,TUR,1.0,0,-1.8809689132988316,1
2022-06-05,213.7,CUB,3,153.85,PUR,0,0,1.69,CUB,1.0,0,-1.6894573819141276,1
2022-06-05,128.0,DOM,3,175.77,MEX,2,2,1.9,CUB,1.0,0,-1.9037949666247576,0
2022-06-07,164.41,BUL,1,276.32,SRB,3,4,1.85,CAN,4.0,4,1.8467627646658449,0
2022-06-07,285.92,SLO,0,286.32,USA,3,5,9.98,BRA,4.0,4,9.97768798795702,0
2022-06-07,233.27,CAN,0,188.04,GER,3,5,12.48,CAN,4.0,4,12.480896702800392,1
2022-06-07,163.42,CHN,1,266.68,IRI,3,4,2.21,BRA,4.0,4,2.209237196231583,0
2022-06-08,104.85,EST,3,92.29,LAT,1,1,1.7,EST,1.0,0,-1.7000787926529053,1
2022-06-08,399.02,BRA,3,135.15,AUS,0,0,0.67,BRA,4.0,4,-0.6651654096020043,1
2022-06-08,109.86,SVK,2,124.94,POR,3,3,1.04,SVK,1.0,0,1.0401039603649391,1
2022-06-08,243.55,JPN,3,188.52,NED,1,1,4.51,BRA,4.0,4,-4.505567901686122,0
2022-06-08,143.79,BEL,1,147.1,CZE,3,4,1.83,BEL,1.0,0,1.828846147562563,1
2022-06-08,78.01,ALB,3,83.27,BIH,0,0,2.57,ALB,1.0,0,-2.5733340499935964,1
2022-06-08,97.95,MKD,3,119.39,ROU,1,1,2.17,MKD,1.0,0,-2.172848331696001,1
2022-06-08,341.27,FRA,3,312.47,ITA,0,0,8.4,CAN,4.0,4,-8.404486950423943,0
2022-06-08,383.9,POL,3,304.23,ARG,0,0,5.78,CAN,4.0,4,-5.778413436220576,0
2022-06-08,91.75,DEN,0,123.98,CRO,3,5,2.05,DEN,1.0,0,2.054383741036018,1
2022-06-09,278.17,SRB,1,349.67,FRA,3,4,3.67,CAN,4.0,4,3.673980875632631,0
2022-06-09,200.52,GER,1,298.45,ARG,3,4,2.44,CAN,4.0,4,2.4407406624867383,0
2022-06-09,399.69,BRA,3,275.94,SLO,1,1,1.38,BRA,4.0,4,-1.3780011608957188,1
2022-06-09,389.68,POL,1,304.06,ITA,3,4,12.0,CAN,4.0,4,12.001843456391333,0
2022-06-09,248.05,JPN,3,161.22,CHN,1,1,2.94,BRA,4.0,4,-2.942004572121503,0
2022-06-09,184.02,NED,0,296.29,USA,3,5,4.33,BRA,4.0,4,4.332038870121561,0
2022-06-10,179.69,NED,3,268.89,IRI,0,0,14.67,BRA,4.0,4,-14.667135474170369,0
2022-06-10,134.48,AUS,0,274.56,SLO,3,5,3.29,BRA,4.0,4,3.284913263171217,0
2022-06-10,251.0,JPN,2,300.63,USA,3,3,2.29,BRA,4.0,4,2.286995133767157,0
2022-06-10,162.56,BUL,2,198.08,GER,3,3,3.04,CAN,4.0,4,3.0391728068055057,0
2022-06-10,220.79,CAN,0,353.34,FRA,3,5,3.55,CAN,4.0,4,-3.550618405199167,1
2022-06-10,274.5,SRB,3,300.89,ARG,2,2,6.46,CAN,4.0,4,-6.463600600479778,0
2022-06-11,401.07,BRA,1,302.91,USA,3,4,12.57,BRA,4.0,4,-12.569374860723784,1
2022-06-11,159.52,BUL,0,377.68,POL,3,5,1.29,CAN,4.0,4,1.2886973244064095,0
2022-06-11,201.12,GER,3,280.96,SRB,2,2,9.23,CAN,4.0,4,-9.229687611638017,0
2022-06-11,254.23,IRI,3,131.2,AUS,1,1,1.41,BRA,4.0,4,-1.4055860673968368,0
2022-06-11,148.93,CZE,3,106.55,EST,0,0,1.92,CZE,1.0,0,-1.9176715480674171,1
2022-06-11,277.85,SLO,3,158.27,CHN,1,1,1.54,BRA,4.0,4,-1.5394282941988535,0
2022-06-11,90.59,LAT,0,141.96,BEL,3,5,1.8,LAT,1.0,0,1.7989713011631825,1
2022-06-11,80.7,BIH,0,100.13,MKD,3,5,2.23,BIH,1.0,0,2.229891980609801,1
2022-06-11,108.82,SVK,0,173.84,TUR,3,5,1.62,SVK,1.0,0,1.6240028599221672,1
2022-06-11,107.07,ESP,3,89.69,DEN,1,1,1.63,ESP,1.0,0,-1.6332397316499454,1
2022-06-11,217.24,CAN,0,316.07,ITA,3,5,4.9,CAN,4.0,4,4.90122231835015,1
2022-06-12,87.23,HUN,1,143.27,FIN,3,4,1.11,HUN,1.0,0,1.1133441559328747,1
2022-06-12,117.22,ROU,3,80.58,ALB,0,0,1.99,ROU,1.0,0,-1.994671107416324,1
2022-06-12,388.5,BRA,0,156.73,CHN,3,5,18.93,BRA,4.0,4,18.93206756420569,1
2022-06-12,294.43,ARG,1,320.97,ITA,3,4,6.03,CAN,4.0,4,6.02817653631739,0
2022-06-12,255.63,IRI,0,248.71,JPN,3,5,10.39,BRA,4.0,4,10.385845450577404,0
2022-06-12,194.35,NED,3,129.79,AUS,0,0,6.52,BRA,4.0,4,-6.519135656367938,0
2022-06-12,356.9,FRA,1,378.97,POL,3,4,6.27,CAN,4.0,4,6.273875539988392,0
2022-06-12,212.33,CAN,3,158.23,BUL,2,2,2.05,CAN,4.0,4,2.0537524654491013,1
2022-06-18,150.85,CZE,3,163.1,UKR,2,2,1.42,CRO,1.0,0,-1.4206147287191002,0
2022-06-18,86.12,HUN,0,119.21,ROU,3,5,2.04,HUN,1.0,0,-2.0427042376152507,1
2022-06-18,144.38,FIN,3,102.36,MKD,1,1,1.3,HUN,1.0,0,-1.2974748508337712,0
2022-06-18,126.03,CRO,1,175.46,TUR,3,4,1.2,CRO,1.0,0,-1.1993731985286311,1
2022-06-19,124.83,CRO,3,161.68,UKR,2,2,1.76,CRO,1.0,0,-1.7581608895433902,1
2022-06-19,176.66,TUR,1,152.27,CZE,3,4,2.21,CRO,1.0,0,2.2134528964497138,0
2022-06-19,84.07,HUN,2,101.06,MKD,3,3,1.01,HUN,1.0,0,-1.0136385763607103,1
2022-06-19,145.68,FIN,2,121.25,ROU,3,3,1.59,HUN,1.0,0,1.5890025109187578,0
2022-06-21,156.18,BUL,3,245.25,IRI,0,0,14.66,BUL,4.0,4,14.661178073498316,1
2022-06-21,288.4,ARG,1,259.1,JPN,3,4,9.12,PHI,4.0,4,9.12282518975134,0
2022-06-21,123.27,AUS,1,214.39,CAN,3,4,2.75,BUL,4.0,4,2.745276566130556,0
2022-06-21,279.39,SLO,0,200.87,NED,3,5,14.17,PHI,4.0,4,14.166643394837704,0
2022-06-22,175.67,CHN,0,350.62,FRA,3,5,2.23,PHI,4.0,4,2.2276057109243266,0
2022-06-22,271.73,SRB,1,315.48,USA,3,4,5.1,BUL,4.0,4,5.097703010697416,0
2022-06-22,210.35,GER,0,327.0,ITA,3,5,4.16,PHI,4.0,4,4.1552488838884205,0
2022-06-22,369.57,BRA,1,385.24,POL,3,4,6.63,BUL,4.0,4,6.627698110809009,0
2022-06-23,173.44,CHN,3,206.2,GER,0,0,11.81,PHI,4.0,4,-11.811264072254447,0
2022-06-23,266.63,SRB,0,362.94,BRA,3,5,5.01,BUL,4.0,4,5.012306500210715,0
2022-06-23,279.28,ARG,1,265.22,SLO,3,4,8.28,PHI,4.0,4,8.282987536785667,0
2022-06-23,320.58,USA,0,230.59,IRI,3,5,14.7,BUL,4.0,4,14.703264780169992,0
2022-06-23,391.87,POL,3,217.13,CAN,0,0,2.23,BUL,4.0,4,-2.233136538671013,0
2022-06-23,352.85,FRA,3,215.04,NED,0,0,3.36,PHI,4.0,4,-3.363606613519115,0
2022-06-24,194.38,GER,1,211.68,NED,3,4,6.54,PHI,4.0,4,6.53738816102697,0
2022-06-24,271.0,ARG,3,185.25,CHN,1,1,2.99,PHI,4.0,4,-2.99210984177952,0
2022-06-24,170.84,BUL,2,120.52,AUS,3,3,7.75,BUL,4.0,4,-7.749182066027526,1
2022-06-24,261.62,SRB,3,214.9,CAN,2,2,2.44,BUL,4.0,4,-2.440235469057371,0
2022-06-24,245.29,IRI,0,367.95,BRA,3,5,3.92,BUL,4.0,4,3.9198084036482816,0
2022-06-24,268.22,JPN,3,331.15,ITA,2,2,8.4,PHI,4.0,4,-8.398651809693813,0
2022-06-25,163.09,BUL,1,305.88,USA,3,4,0.69,BUL,4.0,4,-0.6925577088338586,1
2022-06-25,394.1,POL,3,128.27,AUS,0,0,0.65,BUL,4.0,4,-0.6453095647159858,0
2022-06-25,276.62,JPN,0,356.21,FRA,3,5,5.78,PHI,4.0,4,5.7822275701363,0
2022-06-25,322.75,ITA,3,273.5,SLO,0,0,7.31,PHI,4.0,4,-7.306945085769638,0
2022-06-25,273.99,ARG,2,218.21,NED,3,3,8.03,PHI,4.0,4,8.0332018689453,0
2022-06-25,212.46,CAN,0,241.37,IRI,3,5,8.4,BUL,4.0,4,8.398476593745656,0
2022-06-26,270.83,JPN,3,266.2,SLO,1,1,7.24,PHI,4.0,4,-7.24178391517615,0
2022-06-26,306.57,USA,1,394.75,POL,3,4,2.88,BUL,4.0,4,2.879698467653675,0
2022-06-26,330.06,ITA,3,182.26,CHN,0,0,3.03,PHI,4.0,4,-3.0263778529674967,0
2022-06-26,264.06,SRB,3,127.63,AUS,0,0,3.41,BUL,4.0,4,-3.4120402366796787,0
2022-06-26,162.4,BUL,0,371.87,BRA,3,5,1.45,BUL,4.0,4,1.4472738672013787,1
2022-07-05,397.63,POL,2,249.77,IRI,3,3,11.98,POL,4.0,4,-11.975576501556915,1
2022-07-05,303.69,USA,3,187.84,GER,1,1,1.69,JPN,4.0,4,-1.6872137340700857,0
2022-07-05,204.06,CAN,1,265.96,ARG,3,4,4.15,JPN,4.0,4,4.153514674165007,0
2022-07-05,160.95,BUL,0,333.09,ITA,3,5,2.3,POL,4.0,4,2.302433808533664,0
2022-07-06,226.25,NED,3,179.23,CHN,0,0,7.42,POL,4.0,4,-7.42438863681173,0
2022-07-06,278.08,JPN,3,124.22,AUS,1,1,0.33,JPN,4.0,4,-0.3332595341466482,1
2022-07-06,258.96,SLO,3,267.47,SRB,0,0,10.47,POL,4.0,4,-10.474404430280538,0
2022-07-07,362.01,FRA,2,305.38,USA,3,3,8.08,JPN,4.0,4,8.077043912584344,0
2022-07-07,199.91,CAN,0,373.33,BRA,3,5,2.27,JPN,4.0,4,2.268128234226514,0
2022-07-07,186.14,GER,3,123.88,AUS,1,1,4.14,JPN,4.0,4,-4.135262876780955,0
2022-07-07,335.39,ITA,3,261.74,IRI,1,1,3.57,POL,4.0,4,-3.56872120743066,0
2022-07-07,385.65,POL,3,171.8,CHN,0,0,1.37,POL,4.0,4,-1.36556753603001,1
2022-07-07,158.65,BUL,1,269.43,SLO,3,4,1.89,POL,4.0,4,1.8931689012978423,0
2022-07-08,278.41,JPN,3,197.64,CAN,1,1,3.23,JPN,4.0,4,-3.2260911727974557,1
2022-07-08,338.96,ITA,3,257.0,SRB,0,0,5.67,POL,4.0,4,-5.669745987056608,0
2022-07-08,156.75,BUL,3,233.67,NED,1,1,11.59,POL,4.0,4,-11.589792700902048,0
2022-07-08,271.32,SLO,0,258.17,IRI,3,5,10.73,POL,4.0,4,10.732460370486503,0
2022-07-08,353.93,FRA,3,375.6,BRA,0,0,11.2,JPN,4.0,4,-11.20407568087686,0
2022-07-08,270.11,ARG,3,119.75,AUS,1,1,0.44,JPN,4.0,4,-0.4437446475479722,0
2022-07-09,268.91,IRI,3,251.33,SRB,0,0,9.02,POL,4.0,4,-9.021887180629124,0
2022-07-09,281.64,JPN,3,190.27,GER,1,1,2.73,JPN,4.0,4,2.7339270514012517,1
2022-07-09,170.44,CHN,3,168.34,BUL,1,1,7.38,POL,4.0,4,-7.3828660554102115,0
2022-07-09,365.13,FRA,1,270.55,ARG,3,4,12.41,JPN,4.0,4,12.410658493517229,0
2022-07-09,387.02,POL,3,222.08,NED,0,0,2.5,POL,4.0,4,-2.502328713363303,1
2022-07-09,194.41,CAN,0,313.45,USA,3,5,4.06,JPN,4.0,4,4.060625975456955,0
2022-07-10,119.3,AUS,0,352.72,FRA,3,5,1.04,JPN,4.0,4,1.0433424063116803,0
2022-07-10,177.82,CHN,1,242.31,SRB,3,4,4.02,POL,4.0,4,4.022657544116518,0
2022-07-10,389.52,POL,3,260.59,SLO,1,1,1.18,POL,4.0,4,-1.1830994787918436,1
2022-07-10,344.63,ITA,3,219.58,NED,0,0,3.83,POL,4.0,4,-3.8284999939004023,0
2022-07-10,317.52,USA,3,282.96,ARG,2,2,3.09,JPN,4.0,4,-3.09111518841973,0
2022-07-10,284.37,JPN,0,364.39,BRA,3,5,5.76,JPN,4.0,4,-5.761740725172298,1
2022-07-20,320.61,USA,3,370.16,BRA,1,1,10.21,ITA,4.0,4,-10.208806420356806,0
2022-07-20,348.46,ITA,3,215.75,NED,1,1,1.05,ITA,4.0,4,-1.0448338520355638,1
2022-07-21,353.77,FRA,3,278.61,JPN,0,0,6.0,ITA,4.0,4,-5.995284128442707,0
2022-07-23,390.72,POL,0,330.82,USA,3,5,13.24,ITA,4.0,4,13.244722368769144,0
2022-07-23,349.5,ITA,0,359.76,FRA,3,5,9.43,ITA,4.0,4,9.428194157964755,1
2022-07-24,369.19,FRA,3,344.06,USA,2,2,3.61,ITA,4.0,4,-3.605534347848687,0
2022-07-24,340.07,ITA,0,377.47,POL,3,5,7.94,ITA,4.0,4,7.93770855671352,1
2022-07-28,215.39,CUB,3,146.74,CHI,0,0,3.16,KOR,2.0,2,-3.157372866643219,0
2022-07-28,126.83,KOR,3,118.26,AUS,2,2,2.26,KOR,2.0,2,-2.26112740805642,1
2022-07-29,189.14,TUN,1,154.48,CZE,3,4,4.71,KOR,2.0,2,4.707149752656027,0
2022-07-29,174.45,TUR,3,165.98,QAT,1,1,3.51,KOR,2.0,2,-3.51391139293346,0
2022-07-30,218.54,CUB,3,159.19,CZE,0,0,3.39,KOR,2.0,2,-3.391684619452844,0
2022-07-30,129.09,KOR,0,177.96,TUR,3,5,3.66,KOR,2.0,2,3.663456771459528,1
2022-07-31,125.43,KOR,3,155.8,CZE,2,2,3.34,KOR,2.0,2,3.340603048249358,1
2022-07-31,221.94,CUB,3,181.62,TUR,1,1,2.64,KOR,2.0,2,-2.640410640575267,0
2022-08-03,143.76,BEL,3,56.0,FAR,0,0,2.35,BEL,1.75,1,-2.3620815975261142,1
2022-08-03,95.71,AZE,1,88.06,DEN,3,4,3.47,AZE,1.75,1,3.4678486855976707,1
2022-08-03,125.98,POR,3,48.9,ISL,0,0,2.57,POR,1.75,1,-2.5823441991483405,1
2022-08-03,126.59,CRO,3,51.67,CYP,0,0,2.62,CRO,1.75,1,-2.628031415285633,1
2022-08-03,122.84,ROU,3,78.59,ALB,0,0,3.31,ROU,1.75,1,-3.3123651800433738,1
2022-08-03,78.47,BIH,1,113.3,SUI,3,4,2.43,BIH,1.75,1,2.439717722930423,1
2022-08-03,90.14,NOR,2,107.82,GRE,3,3,1.75,NOR,1.75,1,1.757154013427336,1
2022-08-03,107.2,SVK,3,64.23,GEO,0,0,3.34,SVK,1.75,1,-3.342162832931741,1
2022-08-03,83.06,HUN,2,108.7,ESP,3,3,1.56,HUN,1.75,1,1.5651727715317716,1
2022-08-03,94.09,AUT,1,88.8,LAT,3,4,3.41,AUT,1.75,1,3.4103161959102186,1
2022-08-03,100.31,MNE,3,90.52,LUX,0,0,4.13,MNE,1.75,1,-4.136276149083487,1
2022-08-06,49.05,CYP,3,88.38,NOR,0,0,5.33,CYP,1.75,1,-5.322662949768182,1
2022-08-06,92.24,AZE,0,178.98,TUR,3,5,2.37,AZE,1.75,1,2.382699900473045,1
2022-08-06,60.89,GEO,0,81.5,HUN,3,5,3.87,GEO,1.75,1,3.8737995637648983,1
2022-08-06,92.21,LAT,1,144.09,FIN,3,4,2.04,LAT,1.75,1,2.042799638450316,1
2022-08-07,110.26,ESP,3,110.54,SVK,0,0,4.38,ESP,1.75,1,-4.381833058301189,1
2022-08-07,115.73,SUI,3,126.15,ROU,2,2,2.44,SUI,1.75,1,-2.4415593157056774,1
2022-08-07,109.57,GRE,3,129.21,CRO,0,0,4.86,GRE,1.75,1,-4.852765526720635,1
2022-08-07,46.32,ISL,0,86.38,LUX,3,5,3.4,ISL,1.75,1,3.410205121097863,1
2022-08-07,75.28,ALB,1,76.04,BIH,3,4,3.26,ALB,1.75,1,3.2627032040674453,1
2022-08-07,104.63,EST,2,146.11,BEL,3,3,1.18,EST,1.75,1,1.189451465451047,1
2022-08-07,104.45,MNE,3,128.55,POR,2,2,2.78,MNE,1.75,1,-2.77281794745006,1
2022-08-09,129.9,DOM,0,340.45,USA,3,5,0.36,CAN,1.0,0,0.3566965610226752,0
2022-08-09,190.35,CAN,2,173.87,MEX,3,3,1.48,CAN,1.0,0,1.4792987229248649,1
2022-08-09,143.58,CHI,0,224.58,CUB,3,5,1.43,CAN,1.0,0,1.4287949866922445,0
2022-08-09,359.95,BRA,1,152.17,PUR,3,4,4.01,CAN,1.0,0,4.005053502319752,0
2022-08-10,114.43,GRE,3,54.38,CYP,0,0,2.94,GRE,1.75,1,-2.952085592964636,1
2022-08-10,123.71,ROU,3,79.3,BIH,1,1,2.21,ROU,1.75,1,-2.214896301739424,1
2022-08-10,53.65,FAR,0,103.45,EST,3,5,3.18,FAR,1.75,1,3.184158328460276,1
2022-08-10,106.15,SVK,3,85.37,HUN,0,0,3.87,SVK,1.75,1,-3.8696947774494985,1
2022-08-10,146.13,FIN,3,90.68,AUT,1,1,1.95,FIN,1.75,1,-1.9616830626313675,1
2022-08-10,188.87,CAN,3,156.17,PUR,0,0,2.05,CAN,1.0,0,-2.0479987396977,1
2022-08-10,114.64,ESP,3,57.02,GEO,0,0,3.0,ESP,1.75,1,-3.006510782994227,1
2022-08-10,107.22,MNE,3,42.92,ISL,0,0,2.85,MNE,1.75,1,-2.857846651199249,1
2022-08-10,125.78,POR,3,89.79,LUX,0,0,3.5,POR,1.75,1,-3.50602636287086,1
2022-08-10,181.35,TUR,3,91.53,DEN,1,1,1.22,TUR,1.75,1,-1.22696841069014,1
2022-08-10,355.94,BRA,1,175.35,MEX,3,4,3.86,CAN,1.0,0,3.854315781445677,0
2022-08-10,226.0,CUB,3,129.55,DOM,0,0,1.25,CAN,1.0,0,-1.2515249808605369,0
2022-08-10,118.17,SUI,3,72.02,ALB,1,1,2.17,SUI,1.75,1,-2.174538944031545,1
2022-08-10,124.36,CRO,3,83.06,NOR,0,0,3.38,CRO,1.75,1,-3.381161414805017,1
2022-08-10,340.81,USA,3,142.16,CHI,0,0,0.41,CAN,1.0,0,-0.4162968599991409,0
2022-08-11,179.2,MEX,2,154.12,PUR,3,3,1.6,CAN,1.0,0,1.5979299812034486,0
2022-08-11,341.22,USA,0,227.25,CUB,3,5,3.94,CAN,1.0,0,3.9342737977901554,0
2022-08-11,141.74,CHI,3,128.3,DOM,1,1,1.69,CAN,1.0,0,-1.687858552108635,0
2022-08-11,190.92,CAN,3,352.08,BRA,2,2,3.1,CAN,1.0,0,-3.096992991238245,1
2022-08-12,337.29,USA,3,155.72,PUR,0,0,0.51,CAN,1.0,0,-0.5145704197535691,0
2022-08-12,177.6,MEX,2,143.43,CHI,3,3,1.72,CAN,1.0,0,1.721939665388567,0
2022-08-13,348.99,BRA,0,155.21,PUR,3,5,4.56,CAN,1.0,0,4.55725088765931,0
2022-08-13,69.85,ALB,0,120.34,SUI,3,5,3.16,ALB,1.75,1,3.168337474561938,1
2022-08-13,126.61,DOM,1,175.88,MEX,3,4,1.2,CAN,1.0,0,1.201473656463684,0
2022-08-11,125.91,ROU,3,77.09,BIH,0,0,3.2,ROU,1.75,1,3.206674774845581,1
2022-08-13,231.19,CUB,3,145.15,CHI,0,0,1.37,CAN,1.0,0,-1.3696582584133878,0
2022-08-13,106.62,EST,3,50.47,FAR,0,0,3.03,EST,1.75,1,-3.0396192772794155,1
2022-08-13,194.02,CAN,3,337.8,USA,2,2,2.96,CAN,1.0,0,-2.9601872915207386,1
2022-08-13,86.29,LUX,0,129.28,POR,3,5,3.34,LUX,1.75,1,3.3416966133432475,1
2022-08-13,54.02,GEO,0,117.64,ESP,3,5,2.86,GEO,1.75,1,2.872841565343444,1
2022-08-13,51.44,CYP,0,117.37,GRE,3,5,2.81,CYP,1.75,1,2.8220353893396632,1
2022-08-13,81.5,HUN,1,110.02,SVK,3,4,2.59,HUN,1.75,1,2.589908253865154,1
2022-08-14,88.73,AUT,2,148.08,FIN,3,3,0.77,AUT,1.75,1,0.7802240420212381,1
2022-08-14,79.68,NOR,0,127.73,CRO,3,5,3.22,NOR,1.75,1,3.2244038007379907,1
2022-08-14,344.43,BRA,2,125.41,DOM,3,3,3.43,CAN,1.0,0,3.431557440316692,0
2022-08-14,40.07,ISL,0,110.07,MNE,3,5,2.72,ISL,1.75,1,2.7334538124695675,1
2022-08-14,196.98,CAN,0,232.56,CUB,3,5,2.01,CAN,1.0,0,-2.008982324669536,1
2022-08-14,159.77,PUR,3,177.08,MEX,1,1,2.12,CAN,1.0,0,-2.11579137748561,0
2022-08-14,90.31,DEN,3,182.57,TUR,2,2,4.3,DEN,1.75,1,-4.290288350718617,1
2022-08-17,76.46,NOR,0,48.62,CYP,3,5,5.05,NOR,1.75,1,5.050070948470219,1
2022-08-06,73.89,BIH,2,66.69,ALB,3,3,2.36,BIH,1.75,1,2.363131998343342,1
2022-08-17,78.92,HUN,3,51.16,GEO,0,0,3.7,HUN,1.75,1,-3.701844275023104,1
2022-08-17,147.3,BEL,3,109.66,EST,0,0,3.46,BEL,1.75,1,-3.46709157588297,1
2022-08-17,82.95,LUX,3,37.34,ISL,0,0,3.27,LUX,1.75,1,-3.2807967423370568,1
2022-08-17,130.95,CRO,1,120.19,GRE,3,4,3.55,CRO,1.75,1,3.5435835417305026,1
2022-08-17,129.11,ROU,3,123.5,SUI,2,2,2.05,ROU,1.75,1,-2.0506303460804234,1
2022-08-17,112.61,SVK,1,120.5,ESP,3,4,3.09,SVK,1.75,1,3.088803173719509,1
2022-08-17,178.27,TUR,3,89.87,AZE,0,0,2.34,TUR,1.75,1,-2.349190971285565,1
2022-08-17,148.85,FIN,3,90.17,LAT,0,0,2.97,FIN,1.75,1,-2.9827224270623773,1
2022-08-17,132.61,POR,3,112.8,MNE,0,0,3.89,POR,1.75,1,-3.893125691906433,1
2022-08-20,86.22,LUX,1,108.91,MNE,3,4,2.73,LUX,1.75,1,2.72987709626696,1
2022-08-20,94.61,DEN,3,87.53,AZE,0,0,4.2,DEN,1.75,1,-4.202292754029735,1
2022-08-20,69.05,ALB,0,131.16,ROU,3,5,2.9,ALB,1.75,1,2.90625358583532,1
2022-08-20,47.46,GEO,0,109.52,SVK,3,5,2.9,GEO,1.75,1,2.9073626192218125,1
2022-08-20,53.68,CYP,0,127.4,CRO,3,5,2.64,CYP,1.75,1,2.653572182946337,1
2022-08-21,123.73,GRE,3,71.41,NOR,0,0,3.12,GRE,1.75,1,-3.1265107936765317,1
2022-08-21,34.07,ISL,0,136.51,POR,3,5,2.06,ISL,1.75,1,2.075698658086249,1
2022-08-21,121.45,SUI,3,71.53,BIH,0,0,3.17,SUI,1.75,1,-3.1814049302660243,1
2022-08-21,87.2,LAT,3,87.96,AUT,2,2,2.21,LAT,1.75,1,-2.2060467959325543,1
2022-08-21,123.59,ESP,3,82.61,HUN,0,0,3.38,ESP,1.75,1,-3.3886495965043277,1
2022-08-21,47.44,FAR,0,150.76,BEL,3,5,2.05,FAR,1.75,1,2.0591664172238504,1
2022-08-26,334.85,USA,3,174.97,MEX,0,0,2.98,JPN,4.5,5,-2.981163675729822,0
2022-08-26,272.61,JPN,3,162.47,QAT,0,0,4.97,JPN,4.5,5,-4.972026592985298,1
2022-08-26,259.41,SLO,3,150.95,CMR,0,0,5.05,JPN,4.5,5,-5.050509767619879,0
2022-08-26,385.41,POL,3,160.96,BUL,0,0,1.33,JPN,4.5,5,-1.3304395287151491,0
2022-08-26,372.8,FRA,3,187.54,GER,0,0,2.21,JPN,4.5,5,-2.214093159812548,0
2022-08-27,214.7,NED,3,166.69,EGY,0,0,8.29,JPN,4.5,5,-8.293694610493317,0
2022-08-27,184.43,TUN,3,161.88,PUR,0,0,9.84,JPN,4.5,5,-9.840858486995028,0
2022-08-27,279.87,ARG,2,277.92,IRI,3,3,5.75,JPN,4.5,5,5.74736375353236,0
2022-08-27,159.92,UKR,0,246.33,SRB,3,5,6.14,JPN,4.5,5,6.144145387821001,0
2022-08-27,332.14,ITA,3,194.97,CAN,0,0,3.81,JPN,4.5,5,-3.809264386139952,0
2022-08-27,180.61,TUR,3,173.8,CHN,0,0,10.82,JPN,4.5,5,-10.82281858631428,0
2022-08-28,337.83,USA,3,159.63,BUL,0,0,2.41,JPN,4.5,5,-2.411172740724981,0
2022-08-28,185.33,GER,3,145.9,CMR,0,0,8.81,JPN,4.5,5,-8.807113951305379,0
2022-08-28,234.56,CUB,3,157.5,QAT,1,1,3.83,JPN,4.5,5,-3.828897060898883,0
2022-08-28,277.59,JPN,0,341.0,BRA,3,5,7.4,JPN,4.5,5,-7.399231337935573,1
2022-08-28,386.74,POL,3,171.99,MEX,0,0,1.52,JPN,4.5,5,-1.5178831145028753,0
2022-08-29,191.16,CAN,3,162.98,CHN,0,0,9.49,JPN,4.5,5,-9.493178706877478,0
2022-08-29,153.78,UKR,3,194.27,TUN,0,0,13.76,JPN,4.5,5,-13.75682065870526,0
2022-08-29,274.12,ARG,2,223.0,NED,3,3,8.77,JPN,4.5,5,8.764929867336638,0
2022-08-29,252.47,SRB,3,152.04,PUR,0,0,5.44,JPN,4.5,5,-5.435318915532579,0
2022-08-29,283.67,IRI,3,158.39,EGY,1,1,1.49,JPN,4.5,5,-1.484755886461858,0
2022-08-29,335.95,ITA,3,191.43,TUR,0,0,3.53,JPN,4.5,5,-3.526318898910864,0
2022-08-30,170.47,MEX,3,157.22,BUL,2,2,4.79,JPN,4.5,5,-4.794733899323279,0
2022-08-30,270.19,JPN,3,238.39,CUB,1,1,6.46,JPN,4.5,5,-6.458532944666996,1
2022-08-30,348.4,BRA,3,153.67,QAT,0,0,1.97,JPN,4.5,5,-1.968716862896784,0
2022-08-30,264.45,SLO,3,194.13,GER,0,0,7.01,JPN,4.5,5,-7.011105426573212,0
2022-08-30,375.02,FRA,3,137.09,CMR,0,0,1.1,JPN,4.5,5,-1.1007243356873295,0
2022-08-30,388.26,POL,3,340.24,USA,1,1,5.48,JPN,4.5,5,-5.480601951477297,0
2022-08-31,200.65,CAN,0,187.9,TUR,3,5,12.05,JPN,4.5,5,12.04902113387626,0
2022-08-31,285.15,IRI,1,231.76,NED,3,4,11.71,JPN,4.5,5,11.710553021484785,0
2022-08-31,257.91,SRB,3,180.52,TUN,0,0,6.62,JPN,4.5,5,-6.623531422693118,0
2022-08-31,167.53,UKR,3,146.61,PUR,1,1,7.13,JPN,4.5,5,-7.129452613298583,0
2022-08-31,339.47,ITA,3,153.48,CHN,0,0,2.19,JPN,4.5,5,-2.1944123612633755,0
2022-09-03,341.67,ITA,3,231.93,CUB,1,1,2.18,JPN,4.5,5,-2.1781487379740607,0
2022-09-03,271.46,SLO,3,187.12,GER,1,1,3.44,JPN,4.5,5,-3.440103975220566,0
2022-09-04,393.74,POL,3,173.89,TUN,0,0,1.42,JPN,4.5,5,-1.4169285576399064,0
2022-09-05,243.47,NED,0,174.66,UKR,3,5,15.4,JPN,4.5,5,15.404842703045604,0
2022-09-06,350.37,BRA,3,273.44,IRI,0,0,6.65,JPN,4.5,5,-6.648441209644504,0
2022-09-06,264.53,SRB,0,265.37,ARG,3,5,11.2,JPN,4.5,5,11.197288109486411,0
2022-09-07,274.9,SLO,3,190.07,UKR,1,1,3.41,JPN,4.5,5,-3.4143448613388547,0
2022-09-07,343.85,ITA,3,376.13,FRA,2,2,7.63,JPN,4.5,5,-7.633330846602988,0
2022-09-08,395.16,POL,3,334.77,USA,2,2,1.95,JPN,4.5,5,-1.94657524118437,0
2022-09-08,276.57,ARG,1,357.02,BRA,3,4,3.65,JPN,4.5,5,3.64644974611826,0
2022-09-10,397.1,POL,3,360.67,BRA,2,2,3.36,JPN,4.5,5,-3.363768832739446,0
2022-09-10,351.48,ITA,3,278.32,SLO,0,0,6.85,JPN,4.5,5,-6.854218935537358,0
2022-09-11,400.47,POL,1,358.33,ITA,3,4,11.04,JPN,4.5,5,11.043569933098158,0
2022-09-11,357.3,BRA,3,271.46,SLO,1,1,3.36,JPN,4.5,5,-3.361416312908079,0
2023-05-27,98.82,DEN,0,199.94,TUR,3,5,1.2,DEN,1.0,0,1.2003627501437788,1
2023-05-27,106.19,EST,0,151.83,FIN,3,5,1.87,EST,1.0,0,1.8743436928164443,1
2023-05-27,152.46,CZE,3,112.42,SVK,1,1,1.32,CZE,1.0,0,-1.323956662998915,1
2023-05-27,152.8,BEL,3,130.05,CRO,1,1,1.56,BEL,1.0,0,-1.5591037169390418,1
2023-05-27,138.57,POR,3,134.06,ROU,0,0,2.44,POR,1.0,0,-2.437118514663209,1
2023-05-27,186.65,UKR,3,102.07,MKD,0,0,1.39,POL,1.0,0,-1.3866623738639607,0
2023-05-27,79.23,HUN,3,44.56,GEO,0,0,2.02,HUN,1.0,0,-2.0212897691140044,1
2023-05-29,45.39,FAR,0,51.03,CYP,3,5,2.42,FAR,1.0,0,2.421370746816479,1
2023-05-30,42.97,FAR,0,53.45,CYP,3,5,2.35,FAR,1.0,0,-2.3539888112447533,1
2023-05-31,141.01,POR,2,201.14,TUR,3,3,0.44,POR,1.0,0,0.4358859458820093,1
2023-05-31,153.78,CZE,3,153.7,FIN,2,2,1.25,CZE,1.0,0,-1.2488843979801614,1
2023-05-31,42.54,GEO,0,85.75,AUT,3,5,1.91,GEO,1.0,0,1.9066111491233333,1
2023-05-31,188.04,UKR,3,128.49,CRO,0,0,1.69,POL,1.0,0,-1.693287208756831,0
2023-05-31,100.69,MKD,3,154.36,BEL,1,1,2.61,MKD,1.0,0,-2.6059819766517216,1
2023-05-31,97.62,DEN,3,131.62,ROU,0,0,2.97,DEN,1.0,0,-2.9696363618303523,1
2023-05-31,104.32,EST,3,111.09,SVK,0,0,2.59,EST,1.0,0,-2.594372039920935,1
2023-06-03,87.65,AUT,2,81.25,HUN,3,3,1.34,AUT,1.0,0,1.3392179317672173,1
2023-06-03,100.59,DEN,3,140.57,POR,1,1,2.43,DEN,1.0,0,-2.425239206063799,1
2023-06-03,155.03,CZE,3,106.92,EST,1,1,1.22,CZE,1.0,0,-1.21672636781133,1
2023-06-03,103.3,MKD,3,126.8,CRO,2,2,1.58,MKD,1.0,0,-1.5762171706454715,1
2023-06-03,151.76,BEL,0,189.73,UKR,3,5,1.98,BEL,1.0,0,1.9767536157548584,1
2023-06-04,40.62,FAR,0,89.4,LAT,3,5,1.83,FAR,1.0,0,1.8329114027732056,1
2023-06-04,201.58,TUR,2,128.65,ROU,3,3,2.22,TUR,1.0,0,2.224029890537131,1
2023-06-04,152.45,FIN,3,108.5,SVK,2,2,0.65,FIN,1.0,0,-0.6467666235438647,1
2023-06-06,369.38,ITA,0,272.92,ARG,3,5,14.99,CAN,4.0,4,14.994343245530665,0
2023-06-06,276.63,JPN,3,266.79,IRI,0,0,9.45,JPN,4.0,4,-9.451563138764463,1
2023-06-06,188.61,CAN,3,229.75,CUB,2,2,7.26,CAN,4.0,4,-7.263074526116798,1
2023-06-06,152.42,BUL,2,151.29,CHN,3,3,5.06,JPN,4.0,4,5.063030851585191,0
2023-06-07,389.42,POL,3,368.5,FRA,1,1,6.34,JPN,4.0,4,-6.337291211820961,0
2023-06-07,268.1,SLO,3,253.34,SRB,1,1,6.68,JPN,4.0,4,-6.67816713115634,0
2023-06-07,332.83,USA,3,228.07,NED,0,0,4.65,CAN,4.0,4,-4.645195536693875,0
2023-06-08,223.42,NED,3,222.49,CUB,0,0,9.95,CAN,4.0,4,-9.9481248745294,0
2023-06-08,246.66,SRB,3,156.35,CHN,0,0,5.28,JPN,4.0,4,-5.282136514325305,0
2023-06-08,274.78,SLO,0,147.36,BUL,3,5,16.26,JPN,4.0,4,16.260731946048395,0
2023-06-08,354.38,ITA,0,337.47,USA,3,5,10.94,CAN,4.0,4,10.941014990094493,0
2023-06-08,287.91,ARG,2,360.68,BRA,3,3,1.11,CAN,4.0,4,1.1117060314755325,0
2023-06-09,343.44,ITA,3,212.54,CUB,1,1,1.11,CAN,4.0,4,-1.110622262858845,0
2023-06-09,286.09,JPN,3,251.94,SRB,1,1,5.61,JPN,4.0,4,-5.613325108507522,1
2023-06-09,195.87,CAN,1,286.8,ARG,3,4,2.75,CAN,4.0,4,2.7539107302326418,1
2023-06-09,233.37,NED,3,183.67,GER,0,0,7.28,CAN,4.0,4,-7.283322170924647,0
2023-06-09,139.48,PUR,1,128.84,DOM,3,4,2.02,MEX,1.0,0,2.023236226160268,0
2023-06-09,175.26,MEX,3,36.97,GUA,0,0,0.84,MEX,1.0,0,-0.8367163334286826,1
2023-06-10,176.1,MEX,3,130.87,DOM,0,0,1.88,MEX,1.0,0,-1.8797758242999008,1
2023-06-10,193.11,CAN,0,348.41,USA,3,5,2.79,CAN,4.0,4,2.7886358190019376,1
2023-06-10,91.23,LAT,3,38.78,FAR,0,0,1.78,LAT,1.0,0,-1.784883975346892,1
2023-06-10,361.79,BRA,2,211.43,CUB,3,3,12.06,CAN,4.0,4,12.056255352452029,0
2023-06-10,130.88,ROU,2,199.35,TUR,3,3,0.33,ROU,1.0,0,0.330920635447995,1
2023-06-10,362.17,FRA,1,258.52,SLO,3,4,12.81,JPN,4.0,4,12.807460922989982,0
2023-06-10,82.59,HUN,3,86.32,AUT,0,0,2.55,HUN,1.0,0,-2.5520089603264067,1
2023-06-10,107.85,SVK,3,153.1,FIN,0,0,3.12,SVK,1.0,0,-3.120489273922477,1
2023-06-10,291.7,JPN,3,163.61,BUL,0,0,3.71,JPN,4.0,4,-3.714279787502528,1
2023-06-10,105.7,EST,3,156.24,CZE,0,0,3.19,EST,1.0,0,-3.190175947450677,1
2023-06-10,137.46,PUR,3,36.14,GUA,0,0,1.2,MEX,1.0,0,-1.1981977208925845,0
2023-06-10,138.15,POR,3,103.01,DEN,0,0,2.01,POR,1.0,0,-2.0149307407696533,1
2023-06-10,149.78,BEL,3,104.87,MKD,0,0,1.88,BEL,1.0,0,-1.884019008899168,1
2023-06-10,257.33,IRI,3,151.06,CHN,1,1,2.08,JPN,4.0,4,-2.0812252758400573,0
2023-06-11,246.33,SRB,3,395.78,POL,0,0,17.03,JPN,4.0,4,-17.0270583259071,0
2023-06-11,351.2,USA,1,349.73,BRA,3,4,7.58,CAN,4.0,4,7.581995286896817,0
2023-06-11,125.22,CRO,0,191.71,UKR,3,5,1.6,CRO,1.0,0,1.6055861526737625,1
2023-06-11,295.41,JPN,3,349.36,FRA,1,1,10.44,JPN,4.0,4,-10.438464527508875,1
2023-06-11,128.99,DOM,3,34.94,GUA,0,0,1.28,MEX,1.0,0,-1.278266735438763,0
2023-06-11,289.56,ARG,3,240.65,NED,2,2,2.33,CAN,4.0,4,-2.324810732349849,0
2023-06-11,190.33,CAN,1,176.38,GER,3,4,8.28,CAN,4.0,4,8.276881520829944,1
2023-06-11,271.32,SLO,3,259.41,IRI,0,0,9.34,JPN,4.0,4,-9.336437754276751,0
2023-06-11,177.98,MEX,3,138.65,PUR,2,2,0.71,MEX,1.0,0,-0.7084783144181822,1
2023-06-13,93.02,LAT,3,55.81,CYP,0,0,1.99,LAT,1.0,0,1.9869867893541,1
2023-06-14,199.68,TUR,3,140.16,POR,1,1,1.07,TUR,1.0,0,-1.0686703780106324,1
2023-06-14,193.31,UKR,3,151.66,BEL,0,0,1.93,POL,1.0,0,-1.9274153328431487,0
2023-06-14,149.98,FIN,0,153.05,CZE,3,5,2.46,FIN,1.0,0,2.457192108204518,1
2023-06-14,123.61,CRO,3,102.99,MKD,2,2,0.96,CRO,1.0,0,-0.9634617633902368,1
2023-06-14,110.98,SVK,2,108.89,EST,3,3,1.28,SVK,1.0,0,1.2791440510778762,1
2023-06-14,95.0,LAT,3,53.82,CYP,0,0,1.93,LAT,1.0,0,-1.933696520067951,1
2023-06-14,83.76,AUT,3,40.63,GEO,0,0,1.91,AUT,1.0,0,-1.907676361704345,1
2023-06-14,130.55,ROU,3,101.0,DEN,1,1,1.47,ROU,1.0,0,-1.4658815400420109,1
2023-06-17,200.75,TUR,3,99.53,DEN,1,1,0.57,TUR,1.0,0,-0.5742799657305038,1
2023-06-17,38.72,GEO,0,85.14,HUN,3,5,1.86,GEO,1.0,0,1.8640233276713851,1
2023-06-17,109.7,SVK,0,155.51,CZE,3,5,1.87,SVK,1.0,0,1.8720928198895916,1
2023-06-17,147.52,FIN,3,110.17,EST,1,1,1.36,FIN,1.0,0,-1.3601006440825365,1
2023-06-18,132.01,ROU,2,139.09,POR,3,3,1.15,ROU,1.0,0,1.1513101451598482,1
2023-06-18,102.03,MKD,0,195.24,UKR,3,5,1.29,MKD,1.0,0,1.2876972521327603,1
2023-06-18,124.58,CRO,3,149.74,BEL,1,1,2.22,CRO,1.0,0,-2.2240282516042287,1
2023-06-20,250.08,IRI,3,184.65,GER,0,0,6.48,NED,4.0,4,-6.475429535372704,0
2023-06-20,305.85,JPN,3,182.05,CAN,1,1,1.38,FRA,4.0,4,-1.3760900093593451,0
2023-06-20,291.88,ARG,1,280.66,SLO,3,4,8.13,FRA,4.0,4,8.125201560494059,0
2023-06-20,343.62,USA,3,263.35,SRB,1,1,3.25,NED,4.0,4,-3.249845750750856,0
2023-06-20,357.31,BRA,3,159.9,BUL,0,0,1.69,FRA,4.0,4,-1.691664435703062,0
2023-06-20,238.33,NED,3,148.98,CHN,0,0,5.33,NED,4.0,4,-5.325994835245044,1
2023-06-21,346.87,USA,3,143.65,CHN,0,0,1.57,NED,4.0,4,-1.5703042078994311,0
2023-06-21,288.79,SLO,3,180.67,CAN,0,0,4.5,FRA,4.0,4,-4.503537230059934,0
2023-06-21,338.92,FRA,1,283.76,ARG,3,4,10.5,FRA,4.0,4,-10.50115789981798,1
2023-06-21,307.23,JPN,3,223.48,CUB,0,0,5.59,FRA,4.0,4,-5.58550206854808,0
2023-06-21,256.55,IRI,0,344.56,ITA,3,5,5.39,NED,4.0,4,5.387524412852019,0
2023-06-22,142.08,CHN,0,349.95,ITA,3,5,1.48,NED,4.0,4,1.478040579604849,0
2023-06-22,312.82,JPN,3,359.01,BRA,2,2,7.53,FRA,4.0,4,-7.531741594193681,0
2023-06-22,176.17,CAN,3,158.2,BUL,1,1,6.5,FRA,4.0,4,-6.500302851819789,0
2023-06-22,260.1,SRB,3,178.17,GER,1,1,3.17,NED,4.0,4,-3.1711631389325574,0
2023-06-22,293.29,SLO,3,217.9,CUB,1,1,3.48,FRA,4.0,4,-3.4841342437004914,0
2023-06-23,294.26,ARG,3,151.7,BUL,0,0,3.2,FRA,4.0,4,-3.200328749671697,0
2023-06-23,251.16,IRI,0,348.44,USA,3,5,4.97,NED,4.0,4,4.969388687338514,0
2023-06-23,263.27,SRB,0,351.43,ITA,3,5,5.38,NED,4.0,4,5.38061886693633,0
2023-06-23,328.42,FRA,3,214.41,CUB,0,0,4.26,FRA,4.0,4,-4.2612860014300695,1
2023-06-24,332.69,FRA,3,182.67,CAN,0,0,2.96,FRA,4.0,4,2.9546306594024685,1
2023-06-24,85.67,AUT,0,96.94,LAT,3,5,2.34,AUT,1.0,0,2.3430045433531896,1
2023-06-24,243.65,NED,3,246.19,IRI,2,2,5.14,NED,4.0,4,-5.141673901962974,1
2023-06-24,378.77,POL,0,353.41,USA,3,5,11.41,NED,4.0,4,11.407093788238878,0
2023-06-24,201.32,TUR,3,157.38,CZE,2,2,0.65,CRO,1.0,0,-0.6468995525335605,0
2023-06-24,126.8,CRO,1,196.52,UKR,3,4,0.94,CRO,1.0,0,0.940433605013102,1
2023-06-24,351.47,BRA,3,296.77,SLO,1,1,4.52,FRA,4.0,4,-4.5226517811925575,0
2023-06-24,320.35,JPN,3,297.46,ARG,2,2,3.73,FRA,4.0,4,-3.728705917027668,0
2023-06-24,140.6,CHN,3,175.0,GER,1,1,9.4,NED,4.0,4,-9.400219372259462,0
2023-06-25,125.86,CRO,3,156.74,CZE,0,0,2.93,CRO,1.0,0,2.927249903844324,1
2023-06-25,335.64,FRA,1,356.0,BRA,3,4,6.37,FRA,4.0,4,-6.3681995637748425,1
2023-06-25,248.79,NED,2,257.89,SRB,3,3,4.49,NED,4.0,4,4.492748596505379,1
2023-06-25,148.5,BUL,2,210.15,CUB,3,3,1.67,FRA,4.0,4,1.66620138698945,0
2023-06-25,356.81,ITA,1,367.37,POL,3,4,6.91,NED,4.0,4,6.91150507686872,0
2023-06-25,201.97,TUR,3,197.46,UKR,2,2,1.19,CRO,1.0,0,-1.187118514663209,0
2023-06-28,99.28,LAT,3,83.33,AUT,0,0,2.28,LAT,1.0,0,-2.2780440673960327,1
2023-06-28,51.89,CYP,3,87.01,HUN,1,1,2.36,CYP,1.0,0,-2.359798767868406,1
2023-07-01,84.65,HUN,3,54.25,CYP,1,1,1.45,HUN,1.0,0,-1.454289598994746,1
2023-07-04,293.73,ARG,3,262.39,SRB,1,1,5.77,USA,4.0,4,-5.765950326104346,0
2023-07-04,362.37,BRA,1,349.9,ITA,3,4,8.19,PHI,4.0,4,8.19468409673067,0
2023-07-05,364.82,USA,3,211.82,CUB,0,0,2.86,USA,4.0,4,-2.860141207751919,1
2023-07-05,165.6,GER,3,146.84,BUL,0,0,8.96,USA,4.0,4,-8.956603918242925,0
2023-07-05,374.28,POL,3,292.25,SLO,2,2,0.67,PHI,4.0,4,-0.6664399684216293,0
2023-07-05,179.71,CAN,1,244.29,NED,3,4,4.02,PHI,4.0,4,4.0181295473022,0
2023-07-06,86.1,HUN,1,101.56,LAT,3,4,1.66,HUN,1.0,0,1.659835428334039,1
2023-07-06,299.5,ARG,3,174.55,GER,0,0,3.83,USA,4.0,4,-3.8322938263508943,0
2023-07-06,149.99,CHN,1,291.58,SLO,3,4,0.73,PHI,4.0,4,0.733239508337391,0
2023-07-06,354.17,BRA,3,248.31,NED,0,0,4.6,PHI,4.0,4,-4.598545054702283,0
2023-07-06,256.62,SRB,3,208.96,CUB,2,2,2.39,USA,4.0,4,-2.390619145792733,0
2023-07-07,292.32,SLO,0,358.1,ITA,3,5,6.46,PHI,4.0,4,6.457881206967324,0
2023-07-07,259.01,SRB,1,329.27,FRA,3,4,3.74,USA,4.0,4,3.735055010290136,0
2023-07-07,374.95,POL,3,358.77,BRA,1,1,6.6,PHI,4.0,4,-6.599428756454057,0
2023-07-07,367.68,USA,2,303.33,ARG,3,3,8.47,USA,4.0,4,8.470296321176289,1
2023-07-07,324.09,JPN,3,243.71,NED,1,1,3.25,PHI,4.0,4,-3.244615693115418,0
2023-07-07,206.57,CUB,0,170.72,GER,3,5,11.98,USA,4.0,4,11.97866223126857,0
2023-07-08,49.66,SRI,1,38.26,INA,3,4,2.03,TPE,1.0,0,2.0338025384135032,0
2023-07-08,57.0,MAC,0,50.0,MGL,3,5,2.6,TPE,1.0,0,2.597575624228763,0
2023-07-08,352.17,BRA,3,149.26,CHN,0,0,1.58,PHI,4.0,4,-1.576607529662164,0
2023-07-08,359.21,USA,3,333.01,FRA,0,0,8.55,USA,4.0,4,-8.54681734354974,1
2023-07-08,137.88,BUL,0,255.28,SRB,3,5,4.13,USA,4.0,4,4.1254146193838,0
2023-07-08,90.8,TPE,3,38.93,KAZ,1,1,1.17,TPE,1.0,0,-1.1674445293216185,1
2023-07-08,327.33,JPN,1,364.56,ITA,3,4,5.45,PHI,4.0,4,5.4468692406335935,0
2023-07-08,128.77,KOR,3,42.27,THA,0,0,1.36,TPE,1.0,0,-1.3643225142374265,0
2023-07-08,381.55,POL,3,175.69,CAN,0,0,1.52,PHI,4.0,4,-1.5173989687485678,0
2023-07-09,50.0,PHI,3,54.4,MAC,0,0,2.56,TPE,1.0,0,-2.561348287955312,0
2023-07-09,367.75,USA,3,133.75,BUL,0,0,1.04,USA,4.0,4,-1.0348063431239776,1
2023-07-09,285.86,SLO,3,240.47,NED,0,0,7.51,PHI,4.0,4,-7.510621486686845,0
2023-07-09,57.0,VIE,1,117.82,AUS,3,4,1.05,TPE,1.0,0,1.0520976283764285,0
2023-07-09,324.46,FRA,3,182.7,GER,1,1,0.73,USA,4.0,4,-0.7274556081448935,0
2023-07-09,53.73,KSA,0,130.13,KOR,3,5,1.48,TPE,1.0,0,1.4838212546775786,0
2023-07-09,103.22,LAT,3,84.44,HUN,0,0,2.24,LAT,1.0,0,-2.2388745068737683,1
2023-07-09,147.68,CHN,1,174.17,CAN,3,4,6.03,PHI,4.0,4,6.030917310726493,0
2023-07-09,24.04,BRN,3,47.62,SRI,1,1,2.2,TPE,1.0,0,-2.202317537759764,0
2023-07-09,321.88,JPN,0,383.06,POL,3,5,6.69,PHI,4.0,4,6.690078587094047,0
2023-07-10,52.6,MGL,2,52.56,PHI,3,3,1.25,TPE,1.0,0,1.2505578010320706,0
2023-07-10,40.29,INA,3,26.24,BRN,2,2,1.05,TPE,1.0,0,-1.054391884065352,0
2023-07-10,40.91,THA,3,52.25,KSA,0,0,2.66,TPE,1.0,0,-2.657968517100737,0
2023-07-12,39.5,HKG,1,43.56,THA,3,4,1.82,TPE,1.0,0,1.81839091460468,0
2023-07-12,53.81,PHI,0,25.19,BRN,3,5,2.9,TPE,1.0,0,2.8964189711278285,0
2023-07-12,118.87,AUS,3,51.84,MAC,0,0,1.6,TPE,1.0,0,-1.598843057256728,0
2023-07-12,131.61,KOR,3,51.35,MGL,0,0,1.44,TPE,1.0,0,-1.4375803309189057,0
2023-07-12,91.97,TPE,1,58.57,VIE,3,4,2.34,TPE,1.0,0,2.336501798119436,1
2023-07-12,41.34,INA,3,37.76,KAZ,0,0,2.45,TPE,1.0,0,-2.450082100027269,0
2023-07-13,50.92,PHI,3,50.24,MAC,0,0,2.49,TPE,1.0,0,-2.4905174186057963,0
2023-07-13,45.42,SRI,3,51.89,KSA,0,0,2.59,TPE,1.0,0,-2.590193080841514,0
2023-07-13,35.31,KAZ,3,37.68,HKG,0,0,2.53,TPE,1.0,0,-2.533048175815774,0
2023-07-13,43.79,INA,2,45.38,THA,3,3,1.23,TPE,1.0,0,1.2278278724311056,0
2023-07-13,28.09,BRN,3,120.47,AUS,1,1,3.08,TPE,1.0,0,-3.077948675098916,0
2023-07-14,133.05,KOR,0,31.16,BRN,3,5,3.81,TPE,1.0,0,3.807960758989083,0
2023-07-14,35.15,HKG,3,47.75,MAC,0,0,2.68,TPE,1.0,0,-2.67547682182449,0
2023-07-14,49.91,MGL,3,53.41,PHI,2,2,1.3,TPE,1.0,0,-1.2988026448437993,0
2023-07-14,60.91,VIE,1,46.61,THA,3,4,2.07,TPE,1.0,0,2.0740770304049225,0
2023-07-14,89.63,TPE,0,37.84,KAZ,3,5,3.21,TPE,1.0,0,3.206511748415731,1
2023-07-15,86.43,TPE,3,52.11,PHI,1,1,1.4,TPE,1.0,0,-1.4010285587815328,1
2023-07-15,58.83,VIE,1,129.24,KOR,3,4,0.93,TPE,1.0,0,0.9319132310205186,0
2023-07-15,41.05,KAZ,3,51.21,MGL,0,0,2.64,TPE,1.0,0,-2.641560561172592,0
2023-07-15,42.57,INA,1,117.39,AUS,3,4,0.88,TPE,1.0,0,0.8779460035764817,0
2023-07-15,48.68,THA,3,34.97,BRN,0,0,2.31,TPE,1.0,0,-2.3091105762674777,0
2023-07-19,368.79,USA,3,325.19,FRA,2,2,2.61,POL,4.0,4,-2.6056834268247777,0
2023-07-19,370.01,ITA,3,311.8,ARG,0,0,6.84,POL,4.0,4,-6.8417397371202044,0
2023-07-20,315.19,JPN,3,293.37,SLO,0,0,8.79,POL,4.0,4,-8.787654906195769,0
2023-07-20,389.75,POL,3,353.75,BRA,0,0,8.01,POL,4.0,4,-8.013234385563202,1
2023-07-22,371.4,USA,3,376.85,ITA,0,0,10.3,POL,4.0,4,-10.303926878532964,0
2023-07-22,397.77,POL,3,323.98,JPN,1,1,3.56,POL,4.0,4,3.561895356459649,1
2023-07-23,401.33,POL,3,381.7,USA,1,1,6.41,POL,4.0,4,-6.408517000136412,1
2023-07-23,320.42,JPN,3,366.55,ITA,2,2,7.53,POL,4.0,4,-7.528567036472579,0
2023-07-28,151.7,QAT,3,50.99,THA,0,0,2.41,QAT,2.0,2,-2.4096156040663352,1
2023-07-28,172.48,TUN,0,143.77,CHI,3,5,5.8,QAT,2.0,2,5.795297391133417,0
2023-07-28,203.16,TUR,3,130.26,DOM,1,1,1.8,QAT,2.0,2,-1.8026736965899803,0
2023-07-28,196.28,UKR,3,141.65,CHN,1,1,2.26,QAT,2.0,2,-2.2631388005302187,0
2023-07-29,154.11,QAT,3,149.57,CHI,0,0,4.87,QAT,2.0,2,-4.873400752873618,1
2023-07-29,204.96,TUR,3,198.54,UKR,2,2,2.32,QAT,2.0,2,-2.3210069039767784,0
2023-07-30,144.69,CHI,0,196.22,UKR,3,5,3.59,QAT,2.0,2,3.5937636536574264,0
2023-07-30,158.98,QAT,2,207.28,TUR,3,3,1.18,QAT,2.0,2,1.178450325844913,1
2023-08-16,178.69,MEX,3,70.5,COL,0,0,1.12,MEX,1.0,0,1.1251531461140434,1
2023-08-17,69.38,COL,3,43.39,PER,0,0,2.14,MEX,1.0,0,-2.1395837265693047,0
2023-08-17,137.94,PUR,0,141.1,CHI,3,5,2.46,MEX,1.0,0,2.4559373581088826,0
2023-08-18,41.25,PER,3,135.49,PUR,2,2,2.48,MEX,1.0,0,-2.473861281008349,0
2023-08-18,71.51,COL,2,143.56,CHI,3,3,0.29,MEX,1.0,0,0.2867442114355242,0
2023-08-19,327.95,JPN,3,48.58,THA,0,0,0.44,IRI,3.5,3,-0.4559483247454703,0
2023-08-19,157.8,QAT,3,35.5,IND,0,0,3.42,IRI,3.5,3,-3.441967194226565,0
2023-08-19,133.01,PUR,3,128.46,DOM,1,1,1.81,MEX,1.0,0,-1.811560997655302,0
2023-08-19,57.0,BAN,0,130.17,KOR,3,5,5.31,IRI,3.5,3,5.330631696090466,0
2023-08-19,37.82,HKG,2,50.0,IRQ,3,3,3.78,IRI,3.5,3,3.7812523525533184,0
2023-08-20,50.0,AFG,0,161.22,QAT,3,5,3.8,IRI,3.5,3,3.8281819893235,0
2023-08-20,241.05,IRI,3,34.05,HKG,0,0,1.28,IRI,3.5,3,-1.3081067464026042,1
2023-08-20,179.82,MEX,0,143.84,CHI,3,5,3.0,MEX,1.0,0,-2.996421322128431,1
2023-08-20,32.66,BRN,2,94.67,TPE,3,3,1.43,IRI,3.5,3,1.441943645821368,0
2023-08-20,62.02,PAK,3,51.69,BAN,0,0,8.24,IRI,3.5,3,-8.246262332208836,0
2023-08-20,43.69,KAZ,1,41.68,INA,3,4,6.66,IRI,3.5,3,6.660599978800827,0
2023-08-20,32.99,UZB,0,328.39,JPN,3,5,0.34,IRI,3.5,3,0.3503903902921095,0
2023-08-21,48.14,THA,3,32.65,UZB,0,0,7.99,IRI,3.5,3,-7.995468447824862,0
2023-08-21,32.08,IND,3,46.2,AFG,1,1,7.25,IRI,3.5,3,-7.250528156927099,0
2023-08-21,135.48,KOR,3,70.27,PAK,1,1,3.47,IRI,3.5,3,-3.488161336656876,0
2023-08-23,328.73,JPN,3,40.5,BRN,0,0,0.38,IRI,3.5,3,-0.3947327893713913,0
2023-08-23,165.02,QAT,3,56.13,THA,0,0,3.89,IRI,3.5,3,-3.912497829764779,0
2023-08-23,242.35,IRI,3,66.8,PAK,0,0,1.91,IRI,3.5,3,-1.935375518696376,1
2023-08-23,96.1,TPE,3,53.77,IRQ,0,0,6.7,IRI,3.5,3,-6.714184599352663,0
2023-08-23,138.95,KOR,3,48.34,INA,2,2,0.21,IRI,3.5,3,-0.2349104721309878,0
2023-08-23,24.66,UZB,1,37.02,KAZ,3,4,5.96,IRI,3.5,3,5.959999751957712,0
2023-08-24,102.8,TPE,0,168.91,QAT,3,5,5.62,IRI,3.5,3,5.636184690972011,0
2023-08-24,139.42,CHN,3,139.17,KOR,1,1,6.55,IRI,3.5,3,-6.550298108571337,0
2023-08-24,47.07,IRQ,1,52.24,THA,3,4,6.31,IRI,3.5,3,6.310220544058566,0
2023-08-24,39.32,IND,0,48.13,INA,3,5,8.32,IRI,3.5,3,8.320281077757377,0
2023-08-24,43.45,BAN,1,47.37,AFG,3,4,6.37,IRI,3.5,3,6.371198564125602,0
2023-08-24,32.76,HKG,0,42.98,KAZ,3,5,8.25,IRI,3.5,3,8.25161711767526,0
2023-08-25,51.23,KAZ,3,53.74,AFG,1,1,6.69,IRI,3.5,3,-6.685000668176937,0
2023-08-25,24.51,HKG,1,37.08,BAN,3,4,5.95,IRI,3.5,3,5.949789607065325,0
2023-08-25,31.01,IND,3,40.76,IRQ,0,0,9.23,IRI,3.5,3,-9.225500017830225,0
2023-08-25,40.12,BRN,3,58.55,THA,2,2,5.28,IRI,3.5,3,-5.272002686682524,0
2023-08-25,132.62,KOR,3,97.18,TPE,1,1,4.84,IRI,3.5,3,-4.850560765272785,0
2023-08-25,329.11,JPN,3,174.53,QAT,1,1,0.25,IRI,3.5,3,-0.2720261859230833,0
2023-08-25,64.89,PAK,3,56.45,INA,2,2,3.96,IRI,3.5,3,-3.963306569746405,0
2023-08-25,244.26,IRI,3,145.97,CHN,0,0,4.29,IRI,3.5,3,-4.309298562504524,1
2023-08-26,345.73,BRA,3,43.72,PER,0,0,0.3,BRA,3.5,3,-0.3133134139916196,1
2023-08-26,68.85,PAK,3,45.4,BRN,1,1,5.42,IRI,3.5,3,-5.423147138318008,0
2023-08-26,248.54,IRI,0,329.35,JPN,3,5,4.99,IRI,3.5,3,5.008668742348246,1
2023-08-26,141.68,CHN,0,174.28,QAT,3,5,7.16,IRI,3.5,3,7.172748958975252,0
2023-08-26,304.96,ARG,3,71.23,COL,0,0,0.89,BRA,3.5,3,-0.9089264537503878,0
2023-08-26,52.49,INA,3,53.28,THA,0,0,8.79,IRI,3.5,3,-8.788557797763096,0
2023-08-27,346.04,BRA,3,146.84,CHI,0,0,1.42,BRA,3.5,3,-1.4468512363392498,1
2023-08-27,43.42,PER,1,70.34,COL,3,4,5.25,BRA,3.5,3,5.256433499420981,0
2023-08-28,359.02,ITA,3,147.51,BEL,0,0,1.21,ITA,3.5,3,1.2326677525851832,1
2023-08-28,145.42,CHI,0,305.84,ARG,3,5,2.28,BRA,3.5,3,2.3046536746609654,0
2023-08-28,347.46,BRA,3,75.59,COL,0,0,0.5,BRA,3.5,3,0.5137737779399477,1
2023-08-29,132.72,BUL,1,126.98,ESP,3,4,6.84,BUL,3.5,3,-6.842579224705188,1
2023-08-29,75.09,COL,3,143.14,CHI,2,2,7.59,BRA,3.5,3,-7.573513269059829,0
2023-08-29,43.82,ISR,3,126.85,GRE,2,2,8.23,ISR,3.5,3,8.208100509500273,1
2023-08-30,135.55,CHI,3,38.16,PER,1,1,2.13,BRA,3.5,3,-2.1564674841107823,0
2023-08-30,130.86,ROU,0,140.24,POR,3,5,8.29,ISR,3.5,3,8.292517826520761,0
2023-08-30,148.88,FIN,3,128.79,CRO,0,0,7.77,BUL,3.5,3,-7.772719573461756,0
2023-08-30,100.74,MKD,3,98.96,DEN,1,1,6.48,MKD,3.5,3,-6.475624765392757,1
2023-08-30,347.96,BRA,0,308.13,ARG,3,5,10.68,BRA,3.5,3,10.668799612175116,1
2023-08-30,208.46,TUR,0,322.58,FRA,3,5,3.7,ISR,3.5,3,3.72473163285131,0
2023-08-30,124.63,SUI,0,259.4,SRB,3,5,3.01,ITA,3.5,3,3.03703336904354,0
2023-08-30,181.97,GER,3,108.81,EST,0,0,5.31,ITA,3.5,3,-5.331059172084615,0
2023-08-30,284.58,SLO,3,199.81,UKR,1,1,2.64,BUL,3.5,3,-2.658052604732622,0
2023-08-31,360.23,ITA,3,103.5,EST,0,0,0.63,ITA,3.5,3,0.6490644732523119,1
2023-08-31,52.05,ISR,3,122.57,ROU,2,2,7.7,ISR,3.5,3,7.680551214850708,1
2023-08-31,262.41,SRB,3,146.3,BEL,1,1,1.44,ITA,3.5,3,-1.4672079972138663,0
2023-08-31,125.87,BUL,3,156.65,FIN,1,1,8.06,BUL,3.5,3,8.053107654871864,1
2023-08-31,407.74,POL,3,153.81,CZE,0,0,0.66,MKD,3.5,3,-0.6770214391382544,0
2023-08-31,197.18,UKR,2,121.02,CRO,3,3,7.94,BUL,3.5,3,7.921483514650635,0
2023-08-31,111.63,MNE,0,232.96,NED,3,5,3.45,MKD,3.5,3,3.4747944575004355,0
2023-09-01,92.48,DEN,1,153.15,CZE,3,4,3.67,MKD,3.5,3,3.689023054311244,0
2023-09-01,187.28,GER,3,121.62,SUI,0,0,5.64,ITA,3.5,3,-5.655908589488265,0
2023-09-01,360.86,ITA,3,263.85,SRB,0,0,4.34,ITA,3.5,3,4.358650565919923,1
2023-09-01,128.96,CRO,3,133.82,ESP,0,0,8.99,BUL,3.5,3,-8.98715854751278,0
2023-09-01,148.52,POR,2,118.62,GRE,3,3,5.83,ISR,3.5,3,5.823626847399869,0
2023-09-01,148.59,FIN,0,287.22,SLO,3,5,2.89,BUL,3.5,3,2.9181598128721946,0
2023-09-01,114.87,ROU,3,204.76,TUR,2,2,8.51,ISR,3.5,3,-8.486361123997888,0
2023-09-02,107.21,MKD,3,108.19,MNE,0,0,8.8,MKD,3.5,3,-8.797831059080785,1
2023-09-02,133.94,BUL,3,189.24,UKR,1,1,9.21,BUL,3.5,3,-9.194848600245203,1
2023-09-02,290.11,SLO,3,124.83,ESP,0,0,2.15,BUL,3.5,3,-2.181045005475106,0
2023-09-02,196.25,TUR,3,124.45,GRE,1,1,3.18,ISR,3.5,3,-3.201839262679677,0
2023-09-02,59.75,ISR,0,326.29,FRA,3,5,0.54,ISR,3.5,3,0.5584586430695692,1
2023-09-02,236.4,NED,3,156.82,CZE,0,0,5.04,MKD,3.5,3,-5.059866368583358,0
2023-09-03,102.87,EST,3,115.98,SUI,2,2,5.02,ITA,3.5,3,-5.013958855799683,0
2023-09-03,116.01,MKD,0,408.41,POL,3,5,0.36,MKD,3.5,3,-0.3684033764441016,1
2023-09-03,121.27,GRE,1,123.38,ROU,3,4,6.46,ISR,3.5,3,6.459519776249169,0
2023-09-03,88.81,DEN,1,99.39,MNE,3,4,6.04,MKD,3.5,3,6.046593493449749,0
2023-09-03,122.68,ESP,3,145.7,FIN,1,1,7.69,BUL,3.5,3,-7.681144884908125,0
2023-09-03,59.21,ISR,0,142.69,POR,3,5,4.88,ISR,3.5,3,4.898398474541355,1
2023-09-03,156.9,EGY,3,25.37,BDI,0,0,3.11,EGY,3.5,3,-3.1391817429732884,1
2023-09-03,143.15,BUL,1,137.95,CRO,3,4,6.82,BUL,3.5,3,6.816242706972807,1
2023-09-03,144.86,BEL,2,192.92,GER,3,3,2.06,ITA,3.5,3,2.0733466883427685,0
2023-09-04,30.3,CHA,3,9.36,TAN,0,0,7.73,EGY,3.5,3,-7.731664212590678,0
2023-09-04,147.57,POR,3,199.43,TUR,2,2,6.87,ISR,3.5,3,-6.850987559919224,0
2023-09-04,38.7,KEN,1,135.99,CMR,3,4,2.14,EGY,3.5,3,2.160328861805472,0
2023-09-04,151.78,CZE,3,105.43,MNE,0,0,6.51,MKD,3.5,3,-6.527320669737523,0
2023-09-04,82.77,DEN,1,241.44,NED,3,4,0.14,MKD,3.5,3,0.1628336207247585,0
2023-09-04,166.68,TUN,3,48.11,MLI,0,0,3.54,EGY,3.5,3,-3.569239069893333,0
2023-09-04,65.16,MAR,3,24.12,RWA,0,0,6.76,EGY,3.5,3,-6.774490380972403,0
2023-09-04,259.52,SRB,3,107.88,EST,0,0,2.51,ITA,3.5,3,-2.540129780162013,0
2023-09-04,326.83,FRA,1,129.84,ROU,3,4,13.85,ISR,3.5,3,13.824384015454685,0
2023-09-04,180.03,UKR,3,138.01,FIN,2,2,2.34,BUL,3.5,3,-2.353661977918199,0
2023-09-04,57.0,LBA,3,43.22,GHA,1,1,5.89,EGY,3.5,3,-5.890986467377934,0
2023-09-04,144.77,CRO,0,292.27,SLO,3,5,2.63,BUL,3.5,3,2.6566420420846844,0
2023-09-04,365.19,ITA,3,110.96,SUI,0,0,0.66,ITA,3.5,3,-0.673979939612343,1
2023-09-05,44.56,MLI,1,1.64,TAN,3,4,8.64,EGY,3.5,3,8.625843062463169,0
2023-09-05,50.0,GAM,1,17.36,RWA,3,4,8.15,EGY,3.5,3,8.141652481394955,0
2023-09-05,50.0,SEN,0,71.93,MAR,3,5,7.68,EGY,3.5,3,7.683892582650055,0
2023-09-05,115.66,MKD,0,241.57,NED,3,5,3.3,MKD,3.5,3,3.3214729857893626,1
2023-09-05,136.33,BUL,0,294.9,SLO,3,5,2.33,BUL,3.5,3,-2.352962700796483,1
2023-09-05,54.33,ISR,0,192.57,TUR,3,5,2.9,ISR,3.5,3,-2.9300308477709467,1
2023-09-05,170.22,TUN,3,38.03,CHA,0,0,3.09,EGY,3.5,3,-3.118198683481503,0
2023-09-05,62.89,LBA,3,36.56,KEN,0,0,7.47,EGY,3.5,3,-7.47222787281225,0
2023-09-05,22.26,BDI,0,33.63,ALG,3,5,8.19,EGY,3.5,3,8.195650640494815,0
2023-09-05,142.8,BEL,3,105.37,EST,1,1,4.75,ITA,3.5,3,-4.756580731713439,0
2023-09-05,180.2,CAN,3,126.65,DOM,0,0,6.18,USA,3.5,3,-6.197017215807803,0
2023-09-05,194.59,CUB,3,134.82,PUR,0,0,5.9,USA,3.5,3,-5.916674179548743,0
2023-09-05,375.29,USA,3,27.99,SUR,0,0,0.13,USA,3.5,3,-0.1381595378784272,1
2023-09-05,130.36,ESP,0,182.37,UKR,3,5,6.25,BUL,3.5,3,6.267164860799546,0
2023-09-05,37.33,GHA,0,138.12,CMR,3,5,4.19,EGY,3.5,3,4.213789173208666,0
2023-09-05,408.76,POL,3,82.63,DEN,0,0,0.2,MKD,3.5,3,-0.2049299340605788,0
2023-09-05,194.98,GER,1,262.03,SRB,3,4,3.39,ITA,3.5,3,3.407577404486794,0
2023-09-05,114.81,GRE,0,312.98,FRA,3,5,1.44,ISR,3.5,3,1.4659743354885888,0
2023-09-06,79.6,MAR,3,41.85,GAM,0,0,6.92,EGY,3.5,3,-6.929000251623704,0
2023-09-06,25.51,RWA,3,42.32,SEN,0,0,9.57,EGY,3.5,3,-9.5685416674365,0
2023-09-06,29.1,KEN,3,33.14,GHA,2,2,4.57,EGY,3.5,3,-4.572156044383528,0
2023-09-06,34.94,CHA,3,35.93,MLI,0,0,8.8,EGY,3.5,3,-8.79831912323699,0
2023-09-06,142.31,CMR,1,70.35,LBA,3,4,9.95,EGY,3.5,3,9.930031931116195,0
2023-09-06,160.01,EGY,0,41.83,ALG,3,5,13.94,EGY,3.5,3,-13.917291871189356,1
2023-09-06,112.36,MKD,0,158.3,CZE,3,5,6.53,MKD,3.5,3,6.546302524852513,1
2023-09-06,98.92,MNE,0,408.96,POL,3,5,0.26,MKD,3.5,3,0.2728016184303026,0
2023-09-06,27.85,SUR,0,200.49,CUB,3,5,1.98,USA,3.5,3,2.002865594794622,0
2023-09-06,186.38,CAN,3,176.82,MEX,0,0,8.28,USA,3.5,3,-8.283751993447595,0
2023-09-06,375.42,USA,3,128.92,PUR,0,0,0.74,USA,3.5,3,0.7559820514431032,1
2023-09-06,110.3,SUI,0,147.55,BEL,3,5,6.94,ITA,3.5,3,6.952567443190208,0
2023-09-06,10.28,TAN,0,173.32,TUN,3,5,2.21,EGY,3.5,3,2.2374246009457703,0
2023-09-07,32.75,SEN,2,34.93,GAM,3,3,4.27,EGY,3.5,3,4.268603635053776,0
2023-09-07,120.47,DOM,3,168.54,MEX,0,0,11.07,USA,3.5,3,-11.0521142138156,0
2023-09-07,25.88,SUR,0,128.19,PUR,3,5,4.13,USA,3.5,3,4.156294324817035,0
2023-09-08,131.53,DOM,3,132.32,PUR,0,0,8.79,USA,3.5,3,-8.788557797763094,0
2023-09-08,86.52,MAR,3,27.13,MLI,0,0,5.92,EGY,3.5,3,-5.933659092444116,0
2023-09-08,35.09,RWA,3,8.07,TAN,1,1,5.24,EGY,3.5,3,-5.251640038723517,0
2023-09-08,43.74,CHA,3,39.2,GAM,1,1,6.34,EGY,3.5,3,-6.340951317528831,0
2023-09-08,132.37,CMR,3,14.06,BDI,0,0,3.55,EGY,3.5,3,-3.5782150493614,0
2023-09-08,202.46,CUB,3,157.47,MEX,0,0,6.58,USA,3.5,3,-6.590352750046778,0
2023-09-08,142.14,CRO,2,143.69,ROU,3,3,4.3,BUL,3.5,3,4.29934973770448,0
2023-09-08,134.0,BUL,0,314.43,FRA,3,5,1.8,BUL,3.5,3,-1.825905897518577,1
2023-09-08,146.07,EGY,3,33.67,KEN,0,0,3.76,EGY,3.5,3,-3.78588795298781,1
2023-09-08,175.53,TUN,3,28.48,SEN,0,0,2.64,EGY,3.5,3,-2.669518927945264,0
2023-09-08,55.77,ALG,3,28.57,GHA,0,0,7.42,EGY,3.5,3,-7.430513430101415,0
2023-09-09,25.84,SEN,3,10.51,BDI,0,0,8.0,EGY,3.5,3,-8.003231774670798,0
2023-09-09,21.14,GHA,3,2.82,TAN,1,1,5.67,EGY,3.5,3,-5.670821350335242,0
2023-09-09,21.21,MLI,0,29.91,KEN,3,5,8.32,EGY,3.5,3,8.325639708693423,0
2023-09-09,80.3,LBA,3,50.08,CHA,0,0,7.28,EGY,3.5,3,-7.286100979874474,0
2023-09-09,149.83,EGY,3,92.44,MAR,0,0,6.01,EGY,3.5,3,6.023363912378271,1
2023-09-09,178.17,TUN,1,135.92,CMR,3,4,8.61,EGY,3.5,3,8.594580201611157,0
2023-09-09,194.66,CAN,3,209.03,CUB,2,2,5.08,USA,3.5,3,-5.075168758194092,0
2023-09-09,154.43,POR,0,188.62,UKR,3,5,7.09,BUL,3.5,3,7.097262904474136,0
2023-09-09,376.17,USA,3,140.32,DOM,0,0,0.86,USA,3.5,3,-0.8819562437475204,1
2023-09-09,244.87,NED,3,191.58,GER,2,2,1.82,ITA,3.5,3,-1.833840457208507,0
2023-09-09,150.9,MEX,3,123.53,PUR,1,1,5.23,USA,3.5,3,-5.23486800097082,0
2023-09-09,365.86,ITA,3,105.83,MKD,0,0,0.6,ITA,3.5,3,-0.6173326528100402,1
2023-09-09,63.19,ALG,3,40.33,RWA,0,0,7.63,EGY,3.5,3,-7.6390630155941075,0
2023-09-10,377.03,USA,3,199.74,CAN,0,0,1.87,USA,3.5,3,1.8958127161059588,1
2023-09-10,265.42,SRB,3,164.83,CZE,0,0,4.2,ITA,3.5,3,-4.221386768523013,0
2023-09-10,203.96,CUB,3,139.46,DOM,0,0,5.69,USA,3.5,3,-5.706885072978892,0
2023-09-10,118.3,PUR,3,21.75,SUR,1,1,2.17,USA,3.5,3,-2.188960534043971,0
2023-09-11,297.23,SLO,3,195.71,UKR,1,1,1.97,BUL,3.5,3,-1.9986219783800865,0
2023-09-11,70.82,ALG,3,87.58,LBA,2,2,5.2,EGY,3.5,3,-5.191118291215576,0
2023-09-11,316.23,FRA,3,147.99,ROU,0,0,2.08,BUL,3.5,3,-2.108088375457778,0
2023-09-11,32.7,RWA,3,42.8,CHA,0,0,9.25,EGY,3.5,3,-9.242540957501053,0
2023-09-11,155.84,EGY,3,144.53,CMR,1,1,6.01,EGY,3.5,3,-6.011069764445782,1
2023-09-11,12.89,MLI,0,2.51,BDI,3,5,9.26,EGY,3.5,3,9.256171561540391,0
2023-09-11,38.23,KEN,3,33.84,SEN,0,0,8.53,EGY,3.5,3,-8.535768834128312,0
2023-09-11,86.43,MAR,0,169.56,TUN,3,5,4.89,EGY,3.5,3,4.912785197584619,0
2023-09-11,26.81,GHA,3,32.86,GAM,2,2,4.67,EGY,3.5,3,-4.670196530461127,0
2023-09-12,-2.84,TAN,3,11.77,BDI,1,1,7.28,EGY,3.5,3,-7.274321699528034,0
2023-09-12,31.48,GHA,2,46.77,KEN,3,3,3.63,EGY,3.5,3,3.6301727544365865,0
2023-09-12,28.19,GAM,0,25.3,SEN,3,5,8.89,EGY,3.5,3,8.891044191679235,0
2023-09-12,33.55,CHA,3,81.54,MAR,0,0,11.06,EGY,3.5,3,-11.048426689365744,0
2023-09-12,41.94,RWA,0,174.45,TUN,3,5,3.08,EGY,3.5,3,3.108057297849149,0
2023-09-12,409.23,POL,3,269.62,SRB,1,1,0.67,ITA,3.5,3,-0.7009685111649715,0
2023-09-13,161.85,EGY,3,76.02,ALG,1,1,2.59,EGY,3.5,3,2.6148416413084594,1
2023-09-13,82.38,LBA,3,138.52,CMR,1,1,9.25,EGY,3.5,3,-9.232810054401432,0
2023-09-14,366.47,ITA,3,318.31,FRA,0,0,6.43,ITA,3.5,3,-6.443738160959341,1
2023-09-14,409.9,POL,3,299.21,SLO,1,1,1.63,ITA,3.5,3,-1.659767636971479,0
2023-09-16,311.88,FRA,2,297.57,SLO,3,3,5.08,ITA,3.5,3,5.072255209886757,0
2023-09-16,372.9,ITA,0,411.54,POL,3,5,6.88,ITA,3.5,3,6.887105367883266,1
2023-09-21,133.77,DOM,0,156.12,MEX,3,5,2.19,CAN,1.0,0,2.1896117824703287,0
2023-09-22,158.31,MEX,1,120.47,PUR,3,4,2.4,CAN,1.0,0,2.396497002728882,0
2023-09-23,122.87,PUR,3,131.58,DOM,2,2,1.37,CAN,1.0,0,-1.3713849857544136,0
2023-09-24,124.24,PUR,3,130.21,DOM,2,2,1.33,CAN,1.0,0,-1.3332272634581217,0
2023-09-30,268.94,SRB,1,195.46,TUR,3,4,10.0,JPN,3.5,3,9.995112384414112,0
2023-09-30,318.81,ARG,3,155.92,MEX,0,0,2.24,CHN,3.5,3,-2.2412361425511227,0
2023-09-30,246.68,NED,2,197.87,CAN,3,3,6.71,CHN,3.5,3,6.711190376991191,0
2023-09-30,209.65,CUB,3,193.73,UKR,0,0,7.98,BRA,3.5,3,-7.9746092654500735,0
2023-09-30,134.52,CHN,0,132.2,BUL,3,5,8.86,CHN,3.5,3,8.863228568874332,1
2023-09-30,243.55,IRI,1,189.76,GER,3,4,9.13,BRA,3.5,3,9.126389313092332,0
2023-09-30,337.28,BRA,3,181.45,QAT,0,0,2.43,BRA,3.5,3,-2.4257920881384645,1
2023-09-30,378.9,USA,3,164.44,EGY,0,0,1.19,JPN,3.5,3,-1.1851676465440542,0
2023-09-30,302.65,SLO,3,177.54,TUN,0,0,3.35,JPN,3.5,3,-3.3479467098681424,0
2023-10-01,239.97,NED,3,153.67,MEX,0,0,4.78,CHN,3.5,3,-4.783243916664496,0
2023-10-01,366.03,ITA,3,179.02,QAT,0,0,1.69,BRA,3.5,3,-1.6855452648708036,0
2023-10-01,306.0,SLO,3,205.46,TUR,0,0,4.22,JPN,3.5,3,-4.223287344396894,0
2023-10-01,258.95,SRB,3,174.19,TUN,0,0,4.85,JPN,3.5,3,-4.8459611722197335,0
2023-10-01,321.05,ARG,1,204.58,CAN,3,4,11.67,CHN,3.5,3,11.670375291152949,0
2023-10-01,380.09,USA,3,135.66,FIN,0,0,0.78,JPN,3.5,3,-0.7792577980034963,0
2023-10-01,418.43,POL,3,141.06,BUL,0,0,0.47,CHN,3.5,3,-0.4708106203635233,0
2023-10-01,334.35,JPN,2,163.25,EGY,3,3,11.09,JPN,3.5,3,11.085743086554984,1
2023-10-01,234.43,IRI,0,185.76,UKR,3,5,11.08,BRA,3.5,3,11.079748183286677,0
2023-10-01,217.62,CUB,1,198.89,GER,3,4,7.47,BRA,3.5,3,7.47402005615424,0
2023-10-01,125.65,CHN,1,154.47,BEL,3,4,5.17,CHN,3.5,3,5.165469826947103,1
2023-10-03,323.27,JPN,3,169.34,TUN,0,0,2.48,JPN,3.5,3,-2.4771942220789165,1
2023-10-03,210.15,CUB,3,160.61,CZE,0,0,6.38,BRA,3.5,3,-6.380253637955194,0
2023-10-03,120.49,CHN,3,148.89,MEX,0,0,10.13,CHN,3.5,3,-10.126943111187192,1
2023-10-03,339.71,BRA,1,206.36,GER,3,4,12.23,BRA,3.5,3,12.23096367602273,1
2023-10-03,263.8,SRB,3,174.34,EGY,1,1,2.47,JPN,3.5,3,-2.4683399538894024,0
2023-10-03,223.35,IRI,3,177.34,QAT,1,1,4.36,BRA,3.5,3,-4.355560461646218,0
2023-10-03,244.75,NED,0,159.64,BEL,3,5,12.67,CHN,3.5,3,12.668328510810804,0
2023-10-03,367.72,ITA,3,196.84,UKR,0,0,2.04,BRA,3.5,3,-2.044493971761553,0
2023-10-03,309.38,ARG,3,140.59,BUL,0,0,2.1,CHN,3.5,3,-2.0947251796324458,0
2023-10-04,380.88,USA,3,166.86,TUN,0,0,1.19,JPN,3.5,3,-1.1921610558968538,0
2023-10-04,418.91,POL,3,138.76,MEX,0,0,0.45,CHN,3.5,3,-0.4502590602246595,0
2023-10-04,325.74,JPN,3,201.22,TUR,0,0,3.37,JPN,3.5,3,-3.3675545841524444,1
2023-10-04,232.08,NED,0,138.5,BUL,3,5,13.01,CHN,3.5,3,13.007614099142232,0
2023-10-04,310.23,SLO,3,171.87,EGY,1,1,0.74,JPN,3.5,3,-0.7388748801963632,0
2023-10-04,266.26,SRB,3,134.87,FIN,0,0,3.14,JPN,3.5,3,-3.1436441976880465,0
2023-10-04,227.7,IRI,1,154.23,CZE,3,4,9.99,BRA,3.5,3,9.99468538836468,0
2023-10-04,369.76,ITA,1,218.59,GER,3,4,12.76,BRA,3.5,3,12.759320260456375,0
2023-10-04,216.53,CUB,3,172.98,QAT,0,0,6.66,BRA,3.5,3,-6.657301123243943,0
2023-10-04,130.62,CHN,0,216.24,CAN,3,5,4.81,CHN,3.5,3,4.810886975657586,1
2023-10-06,138.31,MEX,0,172.29,BEL,3,5,7.11,CHN,3.5,3,7.10722130485815,0
2023-10-06,419.36,POL,3,311.49,ARG,1,1,1.76,CHN,3.5,3,-1.7622423712384638,0
2023-10-06,165.67,TUN,2,171.13,EGY,3,3,4.11,JPN,3.5,3,4.108576265715054,0
2023-10-06,221.05,CAN,3,151.51,BUL,0,0,5.49,CHN,3.5,3,-5.48680879044456,0
2023-10-06,382.07,USA,3,310.97,SLO,1,1,3.23,JPN,3.5,3,-3.2319465428971506,0
2023-10-06,197.86,TUR,3,131.72,FIN,2,2,1.26,JPN,3.5,3,-1.2598707939056857,0
2023-10-06,357.01,ITA,3,217.71,IRI,0,0,2.9,BRA,3.5,3,-2.897839233355282,0
2023-10-06,231.35,GER,3,164.23,CZE,0,0,5.59,BRA,3.5,3,-5.592021324988584,0
2023-10-06,329.11,JPN,3,269.41,SRB,0,0,5.92,JPN,3.5,3,-5.91980154837687,1
2023-10-06,194.78,UKR,3,166.32,QAT,1,1,5.18,BRA,3.5,3,-5.182686576707694,0
2023-10-06,125.81,CHN,2,219.08,NED,3,3,0.13,CHN,3.5,3,0.1295785123091511,1
2023-10-06,327.49,BRA,3,223.18,CUB,1,1,1.89,BRA,3.5,3,-1.8938118252560447,1
2023-10-07,226.54,CAN,1,179.4,BEL,3,4,8.82,CHN,3.5,3,8.821703624479062,0
2023-10-07,329.39,BRA,3,214.81,IRI,0,0,3.71,BRA,3.5,3,-3.70847525673976,1
2023-10-07,161.56,TUN,0,130.46,FIN,3,5,10.26,JPN,3.5,3,10.255859509260585,0
2023-10-07,359.9,ITA,1,221.29,CUB,3,4,12.39,BRA,3.5,3,12.393732179295824,0
2023-10-07,131.21,MEX,0,146.02,BUL,3,5,8.03,CHN,3.5,3,8.02846906360145,0
2023-10-07,385.3,USA,3,263.49,SRB,0,0,3.46,JPN,3.5,3,-3.458526240955182,0
2023-10-07,199.97,UKR,3,158.63,CZE,1,1,4.57,BRA,3.5,3,-4.572951472386528,0
2023-10-07,236.94,GER,3,161.14,QAT,0,0,5.22,BRA,3.5,3,-5.218746801375544,0
2023-10-07,199.12,TUR,3,175.24,EGY,1,1,5.4,JPN,3.5,3,-5.402449519447713,0
2023-10-07,335.03,JPN,3,307.74,SLO,0,0,7.43,JPN,3.5,3,-7.426200910595696,1
2023-10-08,333.1,BRA,3,347.51,ITA,2,2,5.08,BRA,3.5,3,-5.077111054500461,1
2023-10-08,154.06,CZE,3,155.92,QAT,1,1,6.65,BRA,3.5,3,-6.6532795208324655,0
2023-10-08,169.84,EGY,2,140.72,FIN,3,3,5.79,JPN,3.5,3,5.786370702017516,0
2023-10-08,188.22,BEL,2,154.05,BUL,3,3,6.03,CHN,3.5,3,6.026788828859985,0
2023-10-08,204.54,UKR,0,242.16,GER,3,5,6.94,BRA,3.5,3,6.935125611654666,0
2023-10-08,300.31,SLO,3,260.03,SRB,0,0,6.81,JPN,3.5,3,-6.810093843692992,0
2023-10-08,309.74,ARG,3,219.2,NED,0,0,4.61,CHN,3.5,3,-4.612699468418892,0
2023-10-08,211.1,IRI,2,233.68,CUB,3,3,3.28,BRA,3.5,3,3.2775552020501317,0
2023-10-08,217.72,CAN,3,123.18,MEX,0,0,4.45,CHN,3.5,3,-4.454738806854695,0
2023-10-08,342.46,JPN,2,388.76,USA,3,3,2.15,JPN,3.5,3,2.1546345764004387,1
2023-10-08,204.52,TUR,3,151.31,TUN,0,0,6.21,JPN,3.5,3,-6.212480011926563,0
